step,control_mode,phase,prev_phase,TotalTravelTime,AvgTravelTime,TotalTravelTime_Raw,AvgTravelTime_Raw,TotalWaitingTime,AvgWaitingTime,TotalCO2,AvgCO2,VehCount,AvgSpeed,AvgOccupancy,QueueLength,Throughput,SpeedStd,HaltRatio,det_occ_mean,det_occ_max,det_veh_sum,det_veh_mean,det_speed_mean,det_speed_min,n_detectors,d0_occ,d0_veh,d0_speed,d1_occ,d1_veh,d1_speed,d2_occ,d2_veh,d2_speed,d3_occ,d3_veh,d3_speed,d4_occ,d4_veh,d4_speed,d5_occ,d5_veh,d5_speed
0,actuated,0,0,285.94476679903084,47.65746113317181,285.94476679903084,47.65746113317181,55.8,1.4090909090909092,67064.15503013747,1693.5392684378148,39.6,2.2165557520181247,43.304695822795914,8.4,23,0.7101601790980762,0.21212121212121213,43.30469582279591,100.0,4.6000000000000005,0.7666666666666667,3.8429077332281216,0.0,6,37.31674007111735,0.6,3.4776793679210214,35.95596863043369,0.8,4.08704947441032,42.98424498900317,1.0,3.42696084309255,34.41731706445978,0.8,3.8813896989276557,100.0,1.0,0.0,9.153904181761447,0.4,8.184367015017182
1,actuated,0,0,452.0848181386017,75.34746968976695,452.0848181386017,75.34746968976695,130.2,3.042056074766355,64141.610124559316,1498.6357505738158,42.8,1.4398741936526847,83.33333333333333,20.8,25,0.5130750979756344,0.48598130841121495,83.33333333333333,100.0,5.0,0.8333333333333334,0.0,0.0,6,100.0,1.0,0.0,100.0,1.0,0.0,100.0,1.0,0.0,100.0,1.0,0.0,100.0,1.0,0.0,0.0,0.0,0.0
2,actuated,0,0,916.3766722888637,163.63869148015425,2615.938545806407,435.9897576344012,273.6,5.796610169491525,71928.2761590088,1523.9041559112034,47.2,0.6958409051820157,87.91609800492058,35.2,27,0.4695056644887951,0.7457627118644068,87.91609800492058,100.0,5.4,0.9,0.9908531058987786,0.0,6,100.0,1.0,0.0,100.0,1.0,0.0,100.0,1.0,0.0,100.0,1.0,0.0,100.0,1.0,0.0,27.496588029523537,0.4,5.945118635392672
3,actuated,0,0,1094.8777214322924,202.75513359857266,2312.0556664897854,385.3426110816309,469.8,9.17578125,81397.53800042698,1589.7956640708396,51.2,0.5292508422092711,100.0,42.2,30,0.29567584617211035,0.82421875,100.0,100.0,6.0,1.0,0.0,0.0,6,100.0,1.0,0.0,100.0,1.0,0.0,100.0,1.0,0.0,100.0,1.0,0.0,100.0,1.0,0.0,100.0,1.0,0.0
4,actuated,0,0,1387.877370255424,239.28920176817655,24380.268802429808,4063.378133738301,688.8,12.388489208633093,86993.7083403183,1564.6350420920558,55.6,0.5783440748806653,100.0,46.4,30,0.46547012622470774,0.8345323741007195,100.0,100.0,6.0,1.0,0.0,0.0,6,100.0,1.0,0.0,100.0,1.0,0.0,100.0,1.0,0.0,100.0,1.0,0.0,100.0,1.0,0.0,100.0,1.0,0.0
5,actuated,0,0,1951.8984578506665,375.3650880482051,20266.094083051725,3377.6823471752873,933.0,15.707070707070708,91268.87186647803,1536.5129943851518,59.4,0.29886547201229763,100.0,51.8,30,0.23074874524909558,0.8720538720538721,100.0,100.0,6.0,1.0,0.0,0.0,6,100.0,1.0,0.0,100.0,1.0,0.0,100.0,1.0,0.0,100.0,1.0,0.0,100.0,1.0,0.0,100.0,1.0,0.0
6,actuated,0,0,1024.2178379874658,301.2405405845488,3050076.455939073,508346.0759898455,1200.2,19.483766233766232,93499.3895020132,1517.8472321755391,61.6,0.2953810690921493,100.0,55.8,30,0.3920634530609738,0.9058441558441559,100.0,100.0,6.0,1.0,0.0,0.0,6,100.0,1.0,0.0,100.0,1.0,0.0,100.0,1.0,0.0,100.0,1.0,0.0,100.0,1.0,0.0,100.0,1.0,0.0
7,actuated,0,0,754.1551686209771,377.07758431048853,2088796.5732635055,348132.76221058425,1492.4,23.31875,96598.78899862172,1509.3560781034644,64.0,0.1345973671314752,100.0,60.6,30,0.24186643624125018,0.946875,100.0,100.0,6.0,1.0,0.0,0.0,6,100.0,1.0,0.0,100.0,1.0,0.0,100.0,1.0,0.0,100.0,1.0,0.0,100.0,1.0,0.0,100.0,1.0,0.0
8,actuated,0,0,251.20540737772808,209.33783948144008,8409128.041224947,1401521.3402041579,1804.0,27.753846153846155,99792.37466487449,1535.2673025365307,65.0,0.144502767311374,100.0,63.2,30,0.3023873482689176,0.9723076923076923,100.0,100.0,6.0,1.0,0.0,0.0,6,100.0,1.0,0.0,100.0,1.0,0.0,100.0,1.0,0.0,100.0,1.0,0.0,100.0,1.0,0.0,100.0,1.0,0.0
9,actuated,0,0,428.97886817538966,428.97886817538966,13319428.339147871,2219904.723191312,2121.2,32.33536585365854,99379.75338353436,1514.935264992902,65.6,0.08154072301928958,100.0,64.2,30,0.25043664183467973,0.9786585365853658,100.0,100.0,6.0,1.0,0.0,0.0,6,100.0,1.0,0.0,100.0,1.0,0.0,100.0,1.0,0.0,100.0,1.0,0.0,100.0,1.0,0.0,100.0,1.0,0.0
10,actuated,0,0,232.45620913579583,232.45620913579583,12811300.979172986,2135216.8298621643,2445.0,37.04545454545455,101047.77335480506,1531.026869012198,66.0,0.06961840365655748,100.0,65.0,30,0.16218235046878168,0.9848484848484849,100.0,100.0,6.0,1.0,0.0,0.0,6,100.0,1.0,0.0,100.0,1.0,0.0,100.0,1.0,0.0,100.0,1.0,0.0,100.0,1.0,0.0,100.0,1.0,0.0
11,actuated,0,0,170.98103563945608,170.98103563945608,6007851.566436337,1001308.5944060562,2770.0,41.71686746987952,101411.82030833545,1527.2864504267388,66.4,0.1044432622128717,100.0,65.2,30,0.24651092621582119,0.9819277108433735,100.0,100.0,6.0,1.0,0.0,0.0,6,100.0,1.0,0.0,100.0,1.0,0.0,100.0,1.0,0.0,100.0,1.0,0.0,100.0,1.0,0.0,100.0,1.0,0.0
12,actuated,0,0,299.750795905415,299.750795905415,5000299.750795906,833383.2917993177,3098.0,46.23880597014925,102384.02884730077,1528.1198335418023,67.0,0.055012150788128135,100.0,66.0,30,0.12912056519063608,0.9850746268656716,100.0,100.0,6.0,1.0,0.0,0.0,6,100.0,1.0,0.0,100.0,1.0,0.0,100.0,1.0,0.0,100.0,1.0,0.0,100.0,1.0,0.0,100.0,1.0,0.0
13,actuated,0,0,147.7550659339617,147.7550659339617,5003524.51563492,833920.7526058201,3428.2,51.167164179104475,101824.12975615381,1519.7631306888627,67.0,0.07119018829329499,100.0,66.2,30,0.187929685052935,0.9880597014925373,100.0,100.0,6.0,1.0,0.0,0.0,6,100.0,1.0,0.0,100.0,1.0,0.0,100.0,1.0,0.0,100.0,1.0,0.0,100.0,1.0,0.0,100.0,1.0,0.0
14,actuated,0,0,129.77862590035792,129.77862590035792,6241530.924321087,1040255.1540535145,3762.0,55.650887573964496,103023.84416882858,1524.0213634442098,67.6,0.006533336080418796,100.0,67.2,30,0.026530246299432195,0.9940828402366864,100.0,100.0,6.0,1.0,0.0,0.0,6,100.0,1.0,0.0,100.0,1.0,0.0,100.0,1.0,0.0,100.0,1.0,0.0,100.0,1.0,0.0,100.0,1.0,0.0
15,actuated,0,0,275.2665733848972,275.2665733848972,5000275.266573385,833379.2110955642,4097.0,60.25,104272.66146711324,1533.42149216343,68.0,0.06007922124450841,100.0,67.0,30,0.14132240285109793,0.9852941176470589,100.0,100.0,6.0,1.0,0.0,0.0,6,100.0,1.0,0.0,100.0,1.0,0.0,100.0,1.0,0.0,100.0,1.0,0.0,100.0,1.0,0.0,100.0,1.0,0.0
16,actuated,0,0,262.4092469151405,262.4092469151405,5000954.29618806,833492.3826980101,4432.6,64.42732558139535,104749.73127995507,1522.5251639528353,68.8,0.03280888720348103,100.0,67.6,30,0.10474021593886096,0.9825581395348837,100.0,100.0,6.0,1.0,0.0,0.0,6,100.0,1.0,0.0,100.0,1.0,0.0,100.0,1.0,0.0,100.0,1.0,0.0,100.0,1.0,0.0,100.0,1.0,0.0
17,actuated,0,0,254.83119167348303,254.83119167348303,5000931.049287951,833488.5082146585,4772.0,69.15942028985508,104836.27729705913,1519.3663376385382,69.0,0.0404667938675149,100.0,68.0,30,0.10353344112391628,0.9855072463768116,100.0,100.0,6.0,1.0,0.0,0.0,6,100.0,1.0,0.0,100.0,1.0,0.0,100.0,1.0,0.0,100.0,1.0,0.0,100.0,1.0,0.0,100.0,1.0,0.0
18,actuated,0,0,0.0,0.0,5480934.572843732,913489.0954739554,5115.0,73.70317002881845,105622.94677776514,1521.9444780657802,69.4,0.002149106567270162,100.0,69.2,30,0.010484520676522873,0.9971181556195965,100.0,100.0,6.0,1.0,0.0,0.0,6,100.0,1.0,0.0,100.0,1.0,0.0,100.0,1.0,0.0,100.0,1.0,0.0,100.0,1.0,0.0,100.0,1.0,0.0
19,actuated,0,0,428.2469698280385,428.2469698280385,5002247.770882921,833707.9618138202,5460.0,78.0,106294.74352531685,1518.496336075955,70.0,0.023641436879421142,100.0,69.0,30,0.06074067379457264,0.9857142857142858,100.0,100.0,6.0,1.0,0.0,0.0,6,100.0,1.0,0.0,100.0,1.0,0.0,100.0,1.0,0.0,100.0,1.0,0.0,100.0,1.0,0.0,100.0,1.0,0.0
20,actuated,0,0,0.0,0.0,5495041.817411351,915840.3029018919,5808.0,82.97142857142858,106455.00863064844,1520.785837580692,70.0,0.00013414058550667097,100.0,70.0,30,0.0005175318332258553,1.0,100.0,100.0,6.0,1.0,0.0,0.0,6,100.0,1.0,0.0,100.0,1.0,0.0,100.0,1.0,0.0,100.0,1.0,0.0,100.0,1.0,0.0,100.0,1.0,0.0
21,actuated,0,0,0.0,0.0,6000000.0,1000000.0,6158.0,87.97142857142858,106470.0,1521.0,70.0,0.0,100.0,70.0,30,0.0,1.0,100.0,100.0,6.0,1.0,0.0,0.0,6,100.0,1.0,0.0,100.0,1.0,0.0,100.0,1.0,0.0,100.0,1.0,0.0,100.0,1.0,0.0,100.0,1.0,0.0
22,actuated,0,0,0.0,0.0,6000000.0,1000000.0,6508.0,92.97142857142858,106470.0,1521.0,70.0,0.0,100.0,70.0,30,0.0,1.0,100.0,100.0,6.0,1.0,0.0,0.0,6,100.0,1.0,0.0,100.0,1.0,0.0,100.0,1.0,0.0,100.0,1.0,0.0,100.0,1.0,0.0,100.0,1.0,0.0
23,actuated,0,0,0.0,0.0,6000000.0,1000000.0,6858.0,97.97142857142858,106470.0,1521.0,70.0,0.0,100.0,70.0,30,0.0,1.0,100.0,100.0,6.0,1.0,0.0,0.0,6,100.0,1.0,0.0,100.0,1.0,0.0,100.0,1.0,0.0,100.0,1.0,0.0,100.0,1.0,0.0,100.0,1.0,0.0
24,actuated,0,0,0.0,0.0,6000000.0,1000000.0,7208.0,102.97142857142858,106470.0,1521.0,70.0,0.0,100.0,70.0,30,0.0,1.0,100.0,100.0,6.0,1.0,0.0,0.0,6,100.0,1.0,0.0,100.0,1.0,0.0,100.0,1.0,0.0,100.0,1.0,0.0,100.0,1.0,0.0,100.0,1.0,0.0
25,actuated,0,0,0.0,0.0,6000000.0,1000000.0,7558.0,107.97142857142858,106470.0,1521.0,70.0,0.0,100.0,70.0,30,0.0,1.0,100.0,100.0,6.0,1.0,0.0,0.0,6,100.0,1.0,0.0,100.0,1.0,0.0,100.0,1.0,0.0,100.0,1.0,0.0,100.0,1.0,0.0,100.0,1.0,0.0
26,actuated,0,0,0.0,0.0,6000000.0,1000000.0,7908.0,112.97142857142858,106470.0,1521.0,70.0,0.0,100.0,70.0,30,0.0,1.0,100.0,100.0,6.0,1.0,0.0,0.0,6,100.0,1.0,0.0,100.0,1.0,0.0,100.0,1.0,0.0,100.0,1.0,0.0,100.0,1.0,0.0,100.0,1.0,0.0
27,actuated,0,0,0.0,0.0,6000000.0,1000000.0,8258.0,117.97142857142858,106470.0,1521.0,70.0,0.0,100.0,70.0,30,0.0,1.0,100.0,100.0,6.0,1.0,0.0,0.0,6,100.0,1.0,0.0,100.0,1.0,0.0,100.0,1.0,0.0,100.0,1.0,0.0,100.0,1.0,0.0,100.0,1.0,0.0
28,actuated,0,0,0.0,0.0,6000000.0,1000000.0,8608.0,122.97142857142858,106470.0,1521.0,70.0,0.0,100.0,70.0,30,0.0,1.0,100.0,100.0,6.0,1.0,0.0,0.0,6,100.0,1.0,0.0,100.0,1.0,0.0,100.0,1.0,0.0,100.0,1.0,0.0,100.0,1.0,0.0,100.0,1.0,0.0
29,actuated,0,0,0.0,0.0,6000000.0,1000000.0,8958.0,127.97142857142858,106470.0,1521.0,70.0,0.0,100.0,70.0,30,0.0,1.0,100.0,100.0,6.0,1.0,0.0,0.0,6,100.0,1.0,0.0,100.0,1.0,0.0,100.0,1.0,0.0,100.0,1.0,0.0,100.0,1.0,0.0,100.0,1.0,0.0
30,actuated,0,0,0.0,0.0,6000000.0,1000000.0,9308.0,132.97142857142856,106470.0,1521.0,70.0,0.0,100.0,70.0,30,0.0,1.0,100.0,100.0,6.0,1.0,0.0,0.0,6,100.0,1.0,0.0,100.0,1.0,0.0,100.0,1.0,0.0,100.0,1.0,0.0,100.0,1.0,0.0,100.0,1.0,0.0
31,actuated,0,0,0.0,0.0,6000000.0,1000000.0,9658.0,137.97142857142856,106470.0,1521.0,70.0,0.0,100.0,70.0,30,0.0,1.0,100.0,100.0,6.0,1.0,0.0,0.0,6,100.0,1.0,0.0,100.0,1.0,0.0,100.0,1.0,0.0,100.0,1.0,0.0,100.0,1.0,0.0,100.0,1.0,0.0
32,actuated,0,0,0.0,0.0,6000000.0,1000000.0,10008.0,142.97142857142856,106470.0,1521.0,70.0,0.0,100.0,70.0,30,0.0,1.0,100.0,100.0,6.0,1.0,0.0,0.0,6,100.0,1.0,0.0,100.0,1.0,0.0,100.0,1.0,0.0,100.0,1.0,0.0,100.0,1.0,0.0,100.0,1.0,0.0
33,actuated,0,0,0.0,0.0,6000000.0,1000000.0,10358.0,147.97142857142856,106470.0,1521.0,70.0,0.0,100.0,70.0,30,0.0,1.0,100.0,100.0,6.0,1.0,0.0,0.0,6,100.0,1.0,0.0,100.0,1.0,0.0,100.0,1.0,0.0,100.0,1.0,0.0,100.0,1.0,0.0,100.0,1.0,0.0
34,actuated,0,0,0.0,0.0,6000000.0,1000000.0,10708.0,152.97142857142856,106470.0,1521.0,70.0,0.0,100.0,70.0,30,0.0,1.0,100.0,100.0,6.0,1.0,0.0,0.0,6,100.0,1.0,0.0,100.0,1.0,0.0,100.0,1.0,0.0,100.0,1.0,0.0,100.0,1.0,0.0,100.0,1.0,0.0
35,actuated,0,0,0.0,0.0,6000000.0,1000000.0,11058.0,157.97142857142856,106470.0,1521.0,70.0,0.0,100.0,70.0,30,0.0,1.0,100.0,100.0,6.0,1.0,0.0,0.0,6,100.0,1.0,0.0,100.0,1.0,0.0,100.0,1.0,0.0,100.0,1.0,0.0,100.0,1.0,0.0,100.0,1.0,0.0
36,actuated,0,0,0.0,0.0,6000000.0,1000000.0,11408.0,162.97142857142856,106470.0,1521.0,70.0,0.0,100.0,70.0,30,0.0,1.0,100.0,100.0,6.0,1.0,0.0,0.0,6,100.0,1.0,0.0,100.0,1.0,0.0,100.0,1.0,0.0,100.0,1.0,0.0,100.0,1.0,0.0,100.0,1.0,0.0
37,actuated,0,0,0.0,0.0,6000000.0,1000000.0,11758.0,167.97142857142856,106470.0,1521.0,70.0,0.0,100.0,70.0,30,0.0,1.0,100.0,100.0,6.0,1.0,0.0,0.0,6,100.0,1.0,0.0,100.0,1.0,0.0,100.0,1.0,0.0,100.0,1.0,0.0,100.0,1.0,0.0,100.0,1.0,0.0
38,actuated,0,0,0.0,0.0,6000000.0,1000000.0,12108.0,172.97142857142856,106470.0,1521.0,70.0,0.0,100.0,70.0,30,0.0,1.0,100.0,100.0,6.0,1.0,0.0,0.0,6,100.0,1.0,0.0,100.0,1.0,0.0,100.0,1.0,0.0,100.0,1.0,0.0,100.0,1.0,0.0,100.0,1.0,0.0
39,actuated,0,0,0.0,0.0,6000000.0,1000000.0,12458.0,177.97142857142856,106470.0,1521.0,70.0,0.0,100.0,70.0,30,0.0,1.0,100.0,100.0,6.0,1.0,0.0,0.0,6,100.0,1.0,0.0,100.0,1.0,0.0,100.0,1.0,0.0,100.0,1.0,0.0,100.0,1.0,0.0,100.0,1.0,0.0
40,actuated,0,0,0.0,0.0,6000000.0,1000000.0,12808.0,182.97142857142856,106470.0,1521.0,70.0,0.0,100.0,70.0,30,0.0,1.0,100.0,100.0,6.0,1.0,0.0,0.0,6,100.0,1.0,0.0,100.0,1.0,0.0,100.0,1.0,0.0,100.0,1.0,0.0,100.0,1.0,0.0,100.0,1.0,0.0
41,actuated,0,0,0.0,0.0,6000000.0,1000000.0,13158.0,187.97142857142856,106470.0,1521.0,70.0,0.0,100.0,70.0,30,0.0,1.0,100.0,100.0,6.0,1.0,0.0,0.0,6,100.0,1.0,0.0,100.0,1.0,0.0,100.0,1.0,0.0,100.0,1.0,0.0,100.0,1.0,0.0,100.0,1.0,0.0
42,actuated,0,0,0.0,0.0,6000000.0,1000000.0,13508.0,192.97142857142856,106470.0,1521.0,70.0,0.0,100.0,70.0,30,0.0,1.0,100.0,100.0,6.0,1.0,0.0,0.0,6,100.0,1.0,0.0,100.0,1.0,0.0,100.0,1.0,0.0,100.0,1.0,0.0,100.0,1.0,0.0,100.0,1.0,0.0
43,actuated,0,0,0.0,0.0,6000000.0,1000000.0,13858.0,197.97142857142856,106470.0,1521.0,70.0,0.0,100.0,70.0,30,0.0,1.0,100.0,100.0,6.0,1.0,0.0,0.0,6,100.0,1.0,0.0,100.0,1.0,0.0,100.0,1.0,0.0,100.0,1.0,0.0,100.0,1.0,0.0,100.0,1.0,0.0
44,actuated,0,0,0.0,0.0,6000000.0,1000000.0,14208.0,202.97142857142856,106470.0,1521.0,70.0,0.0,100.0,70.0,30,0.0,1.0,100.0,100.0,6.0,1.0,0.0,0.0,6,100.0,1.0,0.0,100.0,1.0,0.0,100.0,1.0,0.0,100.0,1.0,0.0,100.0,1.0,0.0,100.0,1.0,0.0
45,actuated,0,0,0.0,0.0,6000000.0,1000000.0,14558.0,207.97142857142856,106470.0,1521.0,70.0,0.0,100.0,70.0,30,0.0,1.0,100.0,100.0,6.0,1.0,0.0,0.0,6,100.0,1.0,0.0,100.0,1.0,0.0,100.0,1.0,0.0,100.0,1.0,0.0,100.0,1.0,0.0,100.0,1.0,0.0
46,actuated,0,0,0.0,0.0,6000000.0,1000000.0,14908.0,212.97142857142856,106470.0,1521.0,70.0,0.0,100.0,70.0,30,0.0,1.0,100.0,100.0,6.0,1.0,0.0,0.0,6,100.0,1.0,0.0,100.0,1.0,0.0,100.0,1.0,0.0,100.0,1.0,0.0,100.0,1.0,0.0,100.0,1.0,0.0
47,actuated,0,0,0.0,0.0,6000000.0,1000000.0,15258.0,217.97142857142856,106470.0,1521.0,70.0,0.0,100.0,70.0,30,0.0,1.0,100.0,100.0,6.0,1.0,0.0,0.0,6,100.0,1.0,0.0,100.0,1.0,0.0,100.0,1.0,0.0,100.0,1.0,0.0,100.0,1.0,0.0,100.0,1.0,0.0
48,actuated,0,0,0.0,0.0,6000000.0,1000000.0,15608.0,222.97142857142856,106470.0,1521.0,70.0,0.0,100.0,70.0,30,0.0,1.0,100.0,100.0,6.0,1.0,0.0,0.0,6,100.0,1.0,0.0,100.0,1.0,0.0,100.0,1.0,0.0,100.0,1.0,0.0,100.0,1.0,0.0,100.0,1.0,0.0
49,actuated,0,0,0.0,0.0,6000000.0,1000000.0,15958.0,227.97142857142856,106470.0,1521.0,70.0,0.0,100.0,70.0,30,0.0,1.0,100.0,100.0,6.0,1.0,0.0,0.0,6,100.0,1.0,0.0,100.0,1.0,0.0,100.0,1.0,0.0,100.0,1.0,0.0,100.0,1.0,0.0,100.0,1.0,0.0
50,actuated,0,0,0.0,0.0,6000000.0,1000000.0,16308.0,232.97142857142856,106470.0,1521.0,70.0,0.0,100.0,70.0,30,0.0,1.0,100.0,100.0,6.0,1.0,0.0,0.0,6,100.0,1.0,0.0,100.0,1.0,0.0,100.0,1.0,0.0,100.0,1.0,0.0,100.0,1.0,0.0,100.0,1.0,0.0
51,actuated,0,0,0.0,0.0,6000000.0,1000000.0,16658.0,237.97142857142856,106470.0,1521.0,70.0,0.0,100.0,70.0,30,0.0,1.0,100.0,100.0,6.0,1.0,0.0,0.0,6,100.0,1.0,0.0,100.0,1.0,0.0,100.0,1.0,0.0,100.0,1.0,0.0,100.0,1.0,0.0,100.0,1.0,0.0
52,actuated,0,0,0.0,0.0,6000000.0,1000000.0,17008.0,242.97142857142856,106470.0,1521.0,70.0,0.0,100.0,70.0,30,0.0,1.0,100.0,100.0,6.0,1.0,0.0,0.0,6,100.0,1.0,0.0,100.0,1.0,0.0,100.0,1.0,0.0,100.0,1.0,0.0,100.0,1.0,0.0,100.0,1.0,0.0
53,actuated,0,0,0.0,0.0,6000000.0,1000000.0,17358.0,247.97142857142856,106470.0,1521.0,70.0,0.0,100.0,70.0,30,0.0,1.0,100.0,100.0,6.0,1.0,0.0,0.0,6,100.0,1.0,0.0,100.0,1.0,0.0,100.0,1.0,0.0,100.0,1.0,0.0,100.0,1.0,0.0,100.0,1.0,0.0
54,actuated,0,0,0.0,0.0,6000000.0,1000000.0,17708.0,252.97142857142856,106470.0,1521.0,70.0,0.0,100.0,70.0,30,0.0,1.0,100.0,100.0,6.0,1.0,0.0,0.0,6,100.0,1.0,0.0,100.0,1.0,0.0,100.0,1.0,0.0,100.0,1.0,0.0,100.0,1.0,0.0,100.0,1.0,0.0
55,actuated,0,0,0.0,0.0,6000000.0,1000000.0,18058.0,257.9714285714286,106470.0,1521.0,70.0,0.0,100.0,70.0,30,0.0,1.0,100.0,100.0,6.0,1.0,0.0,0.0,6,100.0,1.0,0.0,100.0,1.0,0.0,100.0,1.0,0.0,100.0,1.0,0.0,100.0,1.0,0.0,100.0,1.0,0.0
56,actuated,0,0,0.0,0.0,6000000.0,1000000.0,18408.0,262.9714285714286,106470.0,1521.0,70.0,0.0,100.0,70.0,30,0.0,1.0,100.0,100.0,6.0,1.0,0.0,0.0,6,100.0,1.0,0.0,100.0,1.0,0.0,100.0,1.0,0.0,100.0,1.0,0.0,100.0,1.0,0.0,100.0,1.0,0.0
57,actuated,0,0,0.0,0.0,6000000.0,1000000.0,18758.0,267.9714285714286,106470.0,1521.0,70.0,0.0,100.0,70.0,30,0.0,1.0,100.0,100.0,6.0,1.0,0.0,0.0,6,100.0,1.0,0.0,100.0,1.0,0.0,100.0,1.0,0.0,100.0,1.0,0.0,100.0,1.0,0.0,100.0,1.0,0.0
58,actuated,0,0,337.7349017824208,337.7349017824208,5200337.734901783,866722.9558169638,18204.0,260.0571428571429,107369.6524137577,1533.8521773393957,70.0,0.035061516697728626,93.33333333333333,67.6,29,0.09979439130158667,0.9657142857142857,93.33333333333333,100.0,5.8,0.9666666666666667,0.0,0.0,6,100.0,1.0,0.0,100.0,1.0,0.0,100.0,1.0,0.0,100.0,1.0,0.0,60.0,0.8,0.0,100.0,1.0,0.0
59,actuated,0,0,509.8768237305151,283.2649020725084,4200509.876823732,700084.9794706219,16440.6,234.8657142857143,107760.33108068342,1539.4333011526203,70.0,0.12078236494956111,87.56453234967144,62.6,28,0.20177397205156927,0.8942857142857142,87.56453234967144,100.0,5.6,0.9333333333333332,0.3236397275519289,0.0,6,100.0,1.0,0.0,100.0,1.0,0.0,100.0,1.0,0.0,100.0,1.0,0.0,65.38719409802866,0.8,1.9418383653115732,60.0,0.8,0.0
60,actuated,0,0,285.7212494318716,142.8606247159358,3401620.8691741684,566936.8115290281,13969.4,207.26112759643917,104856.93418632961,1555.740863298659,67.4,0.2440480549455209,88.95966963595318,55.0,28,0.37795897874176637,0.8160237388724035,88.95966963595318,100.0,5.6,0.9333333333333332,0.2978379415211202,0.0,6,100.0,1.0,0.0,100.0,1.0,0.0,100.0,1.0,0.0,100.0,1.0,0.0,100.0,1.0,0.0,33.758017815719086,0.6,1.7870276491267212
61,actuated,0,0,1568.4423600795087,280.07899287134086,2205.054829543088,367.50913825718135,8463.4,132.240625,101967.40215048686,1593.2406586013572,64.0,0.5898318249677407,43.52612703626335,37.8,21,0.5855662902065293,0.590625,43.52612703626335,100.0,4.2,0.7000000000000001,1.6079596062804888,0.0,6,40.0,0.6,0.0,29.951726620397494,0.6,1.8145427476380256,23.64613459594807,0.6,1.7785256897486954,25.32143120437695,0.6,1.914346128576249,100.0,1.0,0.0,42.23746979685757,0.8,4.140343071719963
62,actuated,0,0,749.4366224752555,149.8873244950511,13716.707667114653,2286.1179445191087,3366.8,52.11764705882353,98342.59791377523,1522.3312370553442,64.6,0.6148494451280707,97.85113422512704,33.4,30,0.4508764494550378,0.5170278637770898,97.85113422512704,100.0,6.0,1.0,0.29412338754625894,0.0,6,87.10680535076222,1.0,1.7647403252775535,100.0,1.0,0.0,100.0,1.0,0.0,100.0,1.0,0.0,100.0,1.0,0.0,100.0,1.0,0.0
63,actuated,0,0,1000.5840892900394,200.1168178580079,617251.4712311144,102875.24520518573,446.0,6.716867469879518,96983.77462079865,1460.5990153734735,66.4,0.4106197101527157,100.0,39.6,30,0.22461235475879154,0.5963855421686747,100.0,100.0,6.0,1.0,0.0,0.0,6,100.0,1.0,0.0,100.0,1.0,0.0,100.0,1.0,0.0,100.0,1.0,0.0,100.0,1.0,0.0,100.0,1.0,0.0
64,actuated,0,0,1796.8666121955528,499.1296144987646,1006656.1899688982,167776.03166148302,518.6,7.408571428571428,102404.76631676045,1462.9252330965778,70.0,0.13048986292092574,100.0,54.6,30,0.09522156361010152,0.78,100.0,100.0,6.0,1.0,0.0,0.0,6,100.0,1.0,0.0,100.0,1.0,0.0,100.0,1.0,0.0,100.0,1.0,0.0,100.0,1.0,0.0,100.0,1.0,0.0
65,actuated,0,0,0.0,0.0,2190242.5721812285,365040.42869687144,834.2,11.917142857142856,106120.79915840065,1516.0114165485807,70.0,0.00860105389338404,100.0,67.8,30,0.012235237984486277,0.9685714285714285,100.0,100.0,6.0,1.0,0.0,0.0,6,100.0,1.0,0.0,100.0,1.0,0.0,100.0,1.0,0.0,100.0,1.0,0.0,100.0,1.0,0.0,100.0,1.0,0.0
66,actuated,0,0,0.0,0.0,6602291.342063333,1100381.890343889,1183.0,16.9,106455.1324921675,1520.7876070309644,70.0,0.00028611385578272214,100.0,70.0,30,0.0006708213208679873,1.0,100.0,100.0,6.0,1.0,0.0,0.0,6,100.0,1.0,0.0,100.0,1.0,0.0,100.0,1.0,0.0,100.0,1.0,0.0,100.0,1.0,0.0,100.0,1.0,0.0
67,actuated,0,0,0.0,0.0,7921014.315387067,1320169.0525645113,1533.0,21.9,106469.8065799729,1520.9972368567558,70.0,1.1448399946768922e-06,100.0,70.0,30,4.4384304488111595e-06,1.0,100.0,100.0,6.0,1.0,0.0,0.0,6,100.0,1.0,0.0,100.0,1.0,0.0,100.0,1.0,0.0,100.0,1.0,0.0,100.0,1.0,0.0,100.0,1.0,0.0
68,actuated,0,0,0.0,0.0,6000000.0,1000000.0,1883.0,26.9,106470.0,1521.0,70.0,0.0,100.0,70.0,30,0.0,1.0,100.0,100.0,6.0,1.0,0.0,0.0,6,100.0,1.0,0.0,100.0,1.0,0.0,100.0,1.0,0.0,100.0,1.0,0.0,100.0,1.0,0.0,100.0,1.0,0.0
69,actuated,0,0,0.0,0.0,6000000.0,1000000.0,2233.0,31.9,106470.0,1521.0,70.0,0.0,100.0,70.0,30,0.0,1.0,100.0,100.0,6.0,1.0,0.0,0.0,6,100.0,1.0,0.0,100.0,1.0,0.0,100.0,1.0,0.0,100.0,1.0,0.0,100.0,1.0,0.0,100.0,1.0,0.0
70,actuated,0,0,0.0,0.0,6000000.0,1000000.0,2583.0,36.9,106470.0,1521.0,70.0,0.0,100.0,70.0,30,0.0,1.0,100.0,100.0,6.0,1.0,0.0,0.0,6,100.0,1.0,0.0,100.0,1.0,0.0,100.0,1.0,0.0,100.0,1.0,0.0,100.0,1.0,0.0,100.0,1.0,0.0
71,actuated,0,0,0.0,0.0,6000000.0,1000000.0,2933.0,41.9,106470.0,1521.0,70.0,0.0,100.0,70.0,30,0.0,1.0,100.0,100.0,6.0,1.0,0.0,0.0,6,100.0,1.0,0.0,100.0,1.0,0.0,100.0,1.0,0.0,100.0,1.0,0.0,100.0,1.0,0.0,100.0,1.0,0.0
72,actuated,0,0,0.0,0.0,6000000.0,1000000.0,3283.0,46.9,106470.0,1521.0,70.0,0.0,100.0,70.0,30,0.0,1.0,100.0,100.0,6.0,1.0,0.0,0.0,6,100.0,1.0,0.0,100.0,1.0,0.0,100.0,1.0,0.0,100.0,1.0,0.0,100.0,1.0,0.0,100.0,1.0,0.0
73,actuated,0,0,0.0,0.0,6000000.0,1000000.0,3633.0,51.9,106470.0,1521.0,70.0,0.0,100.0,70.0,30,0.0,1.0,100.0,100.0,6.0,1.0,0.0,0.0,6,100.0,1.0,0.0,100.0,1.0,0.0,100.0,1.0,0.0,100.0,1.0,0.0,100.0,1.0,0.0,100.0,1.0,0.0
74,actuated,0,0,0.0,0.0,6000000.0,1000000.0,3983.0,56.9,106470.0,1521.0,70.0,0.0,100.0,70.0,30,0.0,1.0,100.0,100.0,6.0,1.0,0.0,0.0,6,100.0,1.0,0.0,100.0,1.0,0.0,100.0,1.0,0.0,100.0,1.0,0.0,100.0,1.0,0.0,100.0,1.0,0.0
75,actuated,0,0,0.0,0.0,6000000.0,1000000.0,4333.0,61.9,106470.0,1521.0,70.0,0.0,100.0,70.0,30,0.0,1.0,100.0,100.0,6.0,1.0,0.0,0.0,6,100.0,1.0,0.0,100.0,1.0,0.0,100.0,1.0,0.0,100.0,1.0,0.0,100.0,1.0,0.0,100.0,1.0,0.0
76,actuated,0,0,0.0,0.0,6000000.0,1000000.0,4683.0,66.9,106470.0,1521.0,70.0,0.0,100.0,70.0,30,0.0,1.0,100.0,100.0,6.0,1.0,0.0,0.0,6,100.0,1.0,0.0,100.0,1.0,0.0,100.0,1.0,0.0,100.0,1.0,0.0,100.0,1.0,0.0,100.0,1.0,0.0
77,actuated,0,0,0.0,0.0,6000000.0,1000000.0,5033.0,71.9,106470.0,1521.0,70.0,0.0,100.0,70.0,30,0.0,1.0,100.0,100.0,6.0,1.0,0.0,0.0,6,100.0,1.0,0.0,100.0,1.0,0.0,100.0,1.0,0.0,100.0,1.0,0.0,100.0,1.0,0.0,100.0,1.0,0.0
78,actuated,0,0,0.0,0.0,6000000.0,1000000.0,5383.0,76.9,106470.0,1521.0,70.0,0.0,100.0,70.0,30,0.0,1.0,100.0,100.0,6.0,1.0,0.0,0.0,6,100.0,1.0,0.0,100.0,1.0,0.0,100.0,1.0,0.0,100.0,1.0,0.0,100.0,1.0,0.0,100.0,1.0,0.0
79,actuated,0,0,0.0,0.0,6000000.0,1000000.0,5733.0,81.9,106470.0,1521.0,70.0,0.0,100.0,70.0,30,0.0,1.0,100.0,100.0,6.0,1.0,0.0,0.0,6,100.0,1.0,0.0,100.0,1.0,0.0,100.0,1.0,0.0,100.0,1.0,0.0,100.0,1.0,0.0,100.0,1.0,0.0
80,actuated,0,0,0.0,0.0,6000000.0,1000000.0,6083.0,86.9,106470.0,1521.0,70.0,0.0,100.0,70.0,30,0.0,1.0,100.0,100.0,6.0,1.0,0.0,0.0,6,100.0,1.0,0.0,100.0,1.0,0.0,100.0,1.0,0.0,100.0,1.0,0.0,100.0,1.0,0.0,100.0,1.0,0.0
81,actuated,0,0,0.0,0.0,6000000.0,1000000.0,6433.0,91.9,106470.0,1521.0,70.0,0.0,100.0,70.0,30,0.0,1.0,100.0,100.0,6.0,1.0,0.0,0.0,6,100.0,1.0,0.0,100.0,1.0,0.0,100.0,1.0,0.0,100.0,1.0,0.0,100.0,1.0,0.0,100.0,1.0,0.0
82,actuated,0,0,0.0,0.0,6000000.0,1000000.0,6783.0,96.9,106470.0,1521.0,70.0,0.0,100.0,70.0,30,0.0,1.0,100.0,100.0,6.0,1.0,0.0,0.0,6,100.0,1.0,0.0,100.0,1.0,0.0,100.0,1.0,0.0,100.0,1.0,0.0,100.0,1.0,0.0,100.0,1.0,0.0
83,actuated,0,0,0.0,0.0,6000000.0,1000000.0,7133.0,101.9,106470.0,1521.0,70.0,0.0,100.0,70.0,30,0.0,1.0,100.0,100.0,6.0,1.0,0.0,0.0,6,100.0,1.0,0.0,100.0,1.0,0.0,100.0,1.0,0.0,100.0,1.0,0.0,100.0,1.0,0.0,100.0,1.0,0.0
84,actuated,0,0,0.0,0.0,6000000.0,1000000.0,7483.0,106.9,106470.0,1521.0,70.0,0.0,100.0,70.0,30,0.0,1.0,100.0,100.0,6.0,1.0,0.0,0.0,6,100.0,1.0,0.0,100.0,1.0,0.0,100.0,1.0,0.0,100.0,1.0,0.0,100.0,1.0,0.0,100.0,1.0,0.0
85,actuated,0,0,0.0,0.0,6000000.0,1000000.0,7833.0,111.9,106470.0,1521.0,70.0,0.0,100.0,70.0,30,0.0,1.0,100.0,100.0,6.0,1.0,0.0,0.0,6,100.0,1.0,0.0,100.0,1.0,0.0,100.0,1.0,0.0,100.0,1.0,0.0,100.0,1.0,0.0,100.0,1.0,0.0
86,actuated,0,0,0.0,0.0,6000000.0,1000000.0,8183.0,116.9,106470.0,1521.0,70.0,0.0,100.0,70.0,30,0.0,1.0,100.0,100.0,6.0,1.0,0.0,0.0,6,100.0,1.0,0.0,100.0,1.0,0.0,100.0,1.0,0.0,100.0,1.0,0.0,100.0,1.0,0.0,100.0,1.0,0.0
87,actuated,0,0,0.0,0.0,6000000.0,1000000.0,8533.0,121.9,106470.0,1521.0,70.0,0.0,100.0,70.0,30,0.0,1.0,100.0,100.0,6.0,1.0,0.0,0.0,6,100.0,1.0,0.0,100.0,1.0,0.0,100.0,1.0,0.0,100.0,1.0,0.0,100.0,1.0,0.0,100.0,1.0,0.0
88,actuated,0,0,0.0,0.0,6000000.0,1000000.0,8883.0,126.9,106470.0,1521.0,70.0,0.0,100.0,70.0,30,0.0,1.0,100.0,100.0,6.0,1.0,0.0,0.0,6,100.0,1.0,0.0,100.0,1.0,0.0,100.0,1.0,0.0,100.0,1.0,0.0,100.0,1.0,0.0,100.0,1.0,0.0
89,actuated,0,0,0.0,0.0,6000000.0,1000000.0,9233.0,131.9,106470.0,1521.0,70.0,0.0,100.0,70.0,30,0.0,1.0,100.0,100.0,6.0,1.0,0.0,0.0,6,100.0,1.0,0.0,100.0,1.0,0.0,100.0,1.0,0.0,100.0,1.0,0.0,100.0,1.0,0.0,100.0,1.0,0.0
90,actuated,0,0,0.0,0.0,6000000.0,1000000.0,9583.0,136.9,106470.0,1521.0,70.0,0.0,100.0,70.0,30,0.0,1.0,100.0,100.0,6.0,1.0,0.0,0.0,6,100.0,1.0,0.0,100.0,1.0,0.0,100.0,1.0,0.0,100.0,1.0,0.0,100.0,1.0,0.0,100.0,1.0,0.0
91,actuated,0,0,0.0,0.0,6000000.0,1000000.0,9933.0,141.9,106470.0,1521.0,70.0,0.0,100.0,70.0,30,0.0,1.0,100.0,100.0,6.0,1.0,0.0,0.0,6,100.0,1.0,0.0,100.0,1.0,0.0,100.0,1.0,0.0,100.0,1.0,0.0,100.0,1.0,0.0,100.0,1.0,0.0
92,actuated,0,0,0.0,0.0,6000000.0,1000000.0,10283.0,146.9,106470.0,1521.0,70.0,0.0,100.0,70.0,30,0.0,1.0,100.0,100.0,6.0,1.0,0.0,0.0,6,100.0,1.0,0.0,100.0,1.0,0.0,100.0,1.0,0.0,100.0,1.0,0.0,100.0,1.0,0.0,100.0,1.0,0.0
93,actuated,0,0,0.0,0.0,6000000.0,1000000.0,10633.0,151.9,106470.0,1521.0,70.0,0.0,100.0,70.0,30,0.0,1.0,100.0,100.0,6.0,1.0,0.0,0.0,6,100.0,1.0,0.0,100.0,1.0,0.0,100.0,1.0,0.0,100.0,1.0,0.0,100.0,1.0,0.0,100.0,1.0,0.0
94,actuated,0,0,0.0,0.0,6000000.0,1000000.0,10983.0,156.9,106470.0,1521.0,70.0,0.0,100.0,70.0,30,0.0,1.0,100.0,100.0,6.0,1.0,0.0,0.0,6,100.0,1.0,0.0,100.0,1.0,0.0,100.0,1.0,0.0,100.0,1.0,0.0,100.0,1.0,0.0,100.0,1.0,0.0
95,actuated,0,0,0.0,0.0,6000000.0,1000000.0,11333.0,161.9,106470.0,1521.0,70.0,0.0,100.0,70.0,30,0.0,1.0,100.0,100.0,6.0,1.0,0.0,0.0,6,100.0,1.0,0.0,100.0,1.0,0.0,100.0,1.0,0.0,100.0,1.0,0.0,100.0,1.0,0.0,100.0,1.0,0.0
96,actuated,0,0,0.0,0.0,6000000.0,1000000.0,11683.0,166.9,106470.0,1521.0,70.0,0.0,100.0,70.0,30,0.0,1.0,100.0,100.0,6.0,1.0,0.0,0.0,6,100.0,1.0,0.0,100.0,1.0,0.0,100.0,1.0,0.0,100.0,1.0,0.0,100.0,1.0,0.0,100.0,1.0,0.0
97,actuated,0,0,0.0,0.0,6000000.0,1000000.0,12033.0,171.9,106470.0,1521.0,70.0,0.0,100.0,70.0,30,0.0,1.0,100.0,100.0,6.0,1.0,0.0,0.0,6,100.0,1.0,0.0,100.0,1.0,0.0,100.0,1.0,0.0,100.0,1.0,0.0,100.0,1.0,0.0,100.0,1.0,0.0
98,actuated,0,0,0.0,0.0,6000000.0,1000000.0,12383.0,176.9,106470.0,1521.0,70.0,0.0,100.0,70.0,30,0.0,1.0,100.0,100.0,6.0,1.0,0.0,0.0,6,100.0,1.0,0.0,100.0,1.0,0.0,100.0,1.0,0.0,100.0,1.0,0.0,100.0,1.0,0.0,100.0,1.0,0.0
99,actuated,0,0,0.0,0.0,6000000.0,1000000.0,12733.0,181.9,106470.0,1521.0,70.0,0.0,100.0,70.0,30,0.0,1.0,100.0,100.0,6.0,1.0,0.0,0.0,6,100.0,1.0,0.0,100.0,1.0,0.0,100.0,1.0,0.0,100.0,1.0,0.0,100.0,1.0,0.0,100.0,1.0,0.0
100,actuated,0,0,0.0,0.0,6000000.0,1000000.0,13083.0,186.9,106470.0,1521.0,70.0,0.0,100.0,70.0,30,0.0,1.0,100.0,100.0,6.0,1.0,0.0,0.0,6,100.0,1.0,0.0,100.0,1.0,0.0,100.0,1.0,0.0,100.0,1.0,0.0,100.0,1.0,0.0,100.0,1.0,0.0
101,actuated,0,0,0.0,0.0,6000000.0,1000000.0,13433.0,191.9,106470.0,1521.0,70.0,0.0,100.0,70.0,30,0.0,1.0,100.0,100.0,6.0,1.0,0.0,0.0,6,100.0,1.0,0.0,100.0,1.0,0.0,100.0,1.0,0.0,100.0,1.0,0.0,100.0,1.0,0.0,100.0,1.0,0.0
102,actuated,0,0,0.0,0.0,6000000.0,1000000.0,13783.0,196.9,106470.0,1521.0,70.0,0.0,100.0,70.0,30,0.0,1.0,100.0,100.0,6.0,1.0,0.0,0.0,6,100.0,1.0,0.0,100.0,1.0,0.0,100.0,1.0,0.0,100.0,1.0,0.0,100.0,1.0,0.0,100.0,1.0,0.0
103,actuated,0,0,0.0,0.0,6000000.0,1000000.0,14133.0,201.9,106470.0,1521.0,70.0,0.0,100.0,70.0,30,0.0,1.0,100.0,100.0,6.0,1.0,0.0,0.0,6,100.0,1.0,0.0,100.0,1.0,0.0,100.0,1.0,0.0,100.0,1.0,0.0,100.0,1.0,0.0,100.0,1.0,0.0
104,actuated,0,0,0.0,0.0,6000000.0,1000000.0,14483.0,206.9,106470.0,1521.0,70.0,0.0,100.0,70.0,30,0.0,1.0,100.0,100.0,6.0,1.0,0.0,0.0,6,100.0,1.0,0.0,100.0,1.0,0.0,100.0,1.0,0.0,100.0,1.0,0.0,100.0,1.0,0.0,100.0,1.0,0.0
105,actuated,0,0,0.0,0.0,6000000.0,1000000.0,14833.0,211.9,106470.0,1521.0,70.0,0.0,100.0,70.0,30,0.0,1.0,100.0,100.0,6.0,1.0,0.0,0.0,6,100.0,1.0,0.0,100.0,1.0,0.0,100.0,1.0,0.0,100.0,1.0,0.0,100.0,1.0,0.0,100.0,1.0,0.0
106,actuated,0,0,0.0,0.0,6000000.0,1000000.0,15183.0,216.9,106470.0,1521.0,70.0,0.0,100.0,70.0,30,0.0,1.0,100.0,100.0,6.0,1.0,0.0,0.0,6,100.0,1.0,0.0,100.0,1.0,0.0,100.0,1.0,0.0,100.0,1.0,0.0,100.0,1.0,0.0,100.0,1.0,0.0
107,actuated,0,0,0.0,0.0,6000000.0,1000000.0,15533.0,221.9,106470.0,1521.0,70.0,0.0,100.0,70.0,30,0.0,1.0,100.0,100.0,6.0,1.0,0.0,0.0,6,100.0,1.0,0.0,100.0,1.0,0.0,100.0,1.0,0.0,100.0,1.0,0.0,100.0,1.0,0.0,100.0,1.0,0.0
108,actuated,0,0,0.0,0.0,6000000.0,1000000.0,15883.0,226.9,106470.0,1521.0,70.0,0.0,100.0,70.0,30,0.0,1.0,100.0,100.0,6.0,1.0,0.0,0.0,6,100.0,1.0,0.0,100.0,1.0,0.0,100.0,1.0,0.0,100.0,1.0,0.0,100.0,1.0,0.0,100.0,1.0,0.0
109,actuated,0,0,0.0,0.0,6000000.0,1000000.0,16233.0,231.9,106470.0,1521.0,70.0,0.0,100.0,70.0,30,0.0,1.0,100.0,100.0,6.0,1.0,0.0,0.0,6,100.0,1.0,0.0,100.0,1.0,0.0,100.0,1.0,0.0,100.0,1.0,0.0,100.0,1.0,0.0,100.0,1.0,0.0
110,actuated,0,0,0.0,0.0,6000000.0,1000000.0,16583.0,236.9,106470.0,1521.0,70.0,0.0,100.0,70.0,30,0.0,1.0,100.0,100.0,6.0,1.0,0.0,0.0,6,100.0,1.0,0.0,100.0,1.0,0.0,100.0,1.0,0.0,100.0,1.0,0.0,100.0,1.0,0.0,100.0,1.0,0.0
111,actuated,0,0,0.0,0.0,6000000.0,1000000.0,16933.0,241.9,106470.0,1521.0,70.0,0.0,100.0,70.0,30,0.0,1.0,100.0,100.0,6.0,1.0,0.0,0.0,6,100.0,1.0,0.0,100.0,1.0,0.0,100.0,1.0,0.0,100.0,1.0,0.0,100.0,1.0,0.0,100.0,1.0,0.0
112,actuated,0,0,0.0,0.0,6000000.0,1000000.0,17283.0,246.9,106470.0,1521.0,70.0,0.0,100.0,70.0,30,0.0,1.0,100.0,100.0,6.0,1.0,0.0,0.0,6,100.0,1.0,0.0,100.0,1.0,0.0,100.0,1.0,0.0,100.0,1.0,0.0,100.0,1.0,0.0,100.0,1.0,0.0
113,actuated,0,0,0.0,0.0,6000000.0,1000000.0,17633.0,251.9,106470.0,1521.0,70.0,0.0,100.0,70.0,30,0.0,1.0,100.0,100.0,6.0,1.0,0.0,0.0,6,100.0,1.0,0.0,100.0,1.0,0.0,100.0,1.0,0.0,100.0,1.0,0.0,100.0,1.0,0.0,100.0,1.0,0.0
114,actuated,0,0,0.0,0.0,6000000.0,1000000.0,17983.0,256.9,106470.0,1521.0,70.0,0.0,100.0,70.0,30,0.0,1.0,100.0,100.0,6.0,1.0,0.0,0.0,6,100.0,1.0,0.0,100.0,1.0,0.0,100.0,1.0,0.0,100.0,1.0,0.0,100.0,1.0,0.0,100.0,1.0,0.0
115,actuated,0,0,0.0,0.0,6000000.0,1000000.0,18333.0,261.9,106470.0,1521.0,70.0,0.0,100.0,70.0,30,0.0,1.0,100.0,100.0,6.0,1.0,0.0,0.0,6,100.0,1.0,0.0,100.0,1.0,0.0,100.0,1.0,0.0,100.0,1.0,0.0,100.0,1.0,0.0,100.0,1.0,0.0
116,actuated,0,0,0.0,0.0,6000000.0,1000000.0,18683.0,266.9,106470.0,1521.0,70.0,0.0,100.0,70.0,30,0.0,1.0,100.0,100.0,6.0,1.0,0.0,0.0,6,100.0,1.0,0.0,100.0,1.0,0.0,100.0,1.0,0.0,100.0,1.0,0.0,100.0,1.0,0.0,100.0,1.0,0.0
117,actuated,0,0,0.0,0.0,6000000.0,1000000.0,19033.0,271.9,106470.0,1521.0,70.0,0.0,100.0,70.0,30,0.0,1.0,100.0,100.0,6.0,1.0,0.0,0.0,6,100.0,1.0,0.0,100.0,1.0,0.0,100.0,1.0,0.0,100.0,1.0,0.0,100.0,1.0,0.0,100.0,1.0,0.0
118,actuated,0,0,0.0,0.0,6000000.0,1000000.0,19383.0,276.9,106470.0,1521.0,70.0,0.0,100.0,70.0,30,0.0,1.0,100.0,100.0,6.0,1.0,0.0,0.0,6,100.0,1.0,0.0,100.0,1.0,0.0,100.0,1.0,0.0,100.0,1.0,0.0,100.0,1.0,0.0,100.0,1.0,0.0
119,actuated,0,0,315.25482713792314,315.25482713792314,5400315.254827138,900052.5424711896,19131.2,273.30285714285714,107016.8635051894,1528.8123357884201,70.0,0.019063927098616314,96.66666666666667,68.4,30,0.061024226974474516,0.9771428571428571,96.66666666666667,100.0,6.0,1.0,0.0,0.0,6,100.0,1.0,0.0,100.0,1.0,0.0,100.0,1.0,0.0,100.0,1.0,0.0,80.0,1.0,0.0,100.0,1.0,0.0
120,actuated,0,0,129.5531193870157,129.5531193870157,5000129.5531193875,833354.925519898,18095.4,261.4942196531792,107817.88444791101,1558.0619139871533,69.2,0.13620106001731655,89.02768674872543,64.4,28,0.33433520580162857,0.930635838150289,89.02768674872543,100.0,5.6,0.9333333333333332,0.3615423196036975,0.0,6,100.0,1.0,0.0,100.0,1.0,0.0,100.0,1.0,0.0,100.0,1.0,0.0,34.16612049235255,0.6,2.169253917622185,100.0,1.0,0.0
121,actuated,0,0,43.744764965186974,43.744764965186974,5000043.744764965,833340.6241274942,17217.4,255.45103857566767,107050.81911959546,1588.2910848604668,67.4,0.3650676204942276,88.11614940081085,60.2,28,0.8478951819975294,0.8931750741839762,88.11614940081085,100.0,5.6,0.9333333333333332,0.6818705637805582,0.0,6,100.0,1.0,0.0,100.0,1.0,0.0,100.0,1.0,0.0,100.0,1.0,0.0,28.69689640486513,0.6,4.091223382683349,100.0,1.0,0.0
122,actuated,0,0,1227.1389701167423,292.175945265891,1002511.4573525265,167085.24289208776,12925.4,207.13782051282053,102599.91190562517,1644.2293574619416,62.4,0.745755583911904,52.14057324461768,45.2,24,1.232174288509158,0.7243589743589743,52.14057324461768,80.0,4.8,0.7999999999999999,0.7960951442478582,0.0,6,80.0,1.0,0.0,60.0,0.8,0.0,60.0,0.8,0.0,60.0,0.8,0.0,12.843439467706048,0.8,4.776570865487149,40.0,0.6,0.0
123,actuated,0,0,813.7418937708509,135.62364896180847,813.7418937708509,135.62364896180847,6304.8,101.69032258064516,97185.99044200718,1567.5159748710837,62.0,0.8749193741979446,69.66088915587117,27.8,25,0.5729239221125207,0.4483870967741935,69.66088915587117,100.0,5.0,0.8333333333333334,1.722238000861476,0.0,6,60.880583783955444,0.8,1.7442229673019274,73.70513273577217,0.8,1.84734975851104,78.934521259971,0.8,2.2764555605755525,63.40946828162714,0.8,1.6552695118838152,100.0,1.0,0.0,41.03562887390126,0.8,2.8101302068965204
124,actuated,0,0,908.0759990271235,151.34599983785392,908.0759990271235,151.34599983785392,1096.0,17.564102564102566,94050.41884836306,1507.218250775049,62.4,0.7759537686082927,91.39308822325536,27.6,29,0.5066439403879813,0.4423076923076923,91.39308822325536,100.0,5.8,0.9666666666666667,0.678527290813999,0.0,6,100.0,1.0,0.0,100.0,1.0,0.0,100.0,1.0,0.0,100.0,1.0,0.0,100.0,1.0,0.0,48.3585293395322,0.8,4.071163744883994
125,actuated,0,0,1871.3677551603319,311.8946258600553,1871.3677551603319,311.8946258600553,259.4,3.8601190476190474,98606.08346612769,1467.352432531662,67.2,0.4768215812436303,100.0,43.4,30,0.4175998393314214,0.6458333333333334,100.0,100.0,6.0,1.0,0.0,0.0,6,100.0,1.0,0.0,100.0,1.0,0.0,100.0,1.0,0.0,100.0,1.0,0.0,100.0,1.0,0.0,100.0,1.0,0.0
126,actuated,0,0,637.8257741345192,318.9128870672596,29848.63497765142,4974.772496275237,527.2,7.574712643678161,103960.4745212793,1493.684978754013,69.6,0.1275912758936026,100.0,61.0,30,0.1628173750407395,0.8764367816091954,100.0,100.0,6.0,1.0,0.0,0.0,6,100.0,1.0,0.0,100.0,1.0,0.0,100.0,1.0,0.0,100.0,1.0,0.0,100.0,1.0,0.0,100.0,1.0,0.0
127,actuated,0,0,246.4967884301289,246.4967884301289,2191169.8328443505,365194.97214072506,859.2,12.274285714285714,106092.90543675383,1515.612934810769,70.0,0.025141886388670827,100.0,68.4,30,0.06914617708434173,0.9771428571428571,100.0,100.0,6.0,1.0,0.0,0.0,6,100.0,1.0,0.0,100.0,1.0,0.0,100.0,1.0,0.0,100.0,1.0,0.0,100.0,1.0,0.0,100.0,1.0,0.0
128,actuated,0,0,0.0,0.0,17295479.813330576,2882579.9688884295,1207.0,17.242857142857144,106450.9473945252,1520.7278199217885,70.0,0.00023253269305697314,100.0,70.0,30,0.0008492156852453033,1.0,100.0,100.0,6.0,1.0,0.0,0.0,6,100.0,1.0,0.0,100.0,1.0,0.0,100.0,1.0,0.0,100.0,1.0,0.0,100.0,1.0,0.0,100.0,1.0,0.0
129,actuated,0,0,0.0,0.0,18295706.131368466,3049284.3552280776,1557.0,22.242857142857144,106469.66014347566,1520.995144906795,70.0,4.90253400476181e-06,100.0,70.0,30,7.706871812341886e-06,1.0,100.0,100.0,6.0,1.0,0.0,0.0,6,100.0,1.0,0.0,100.0,1.0,0.0,100.0,1.0,0.0,100.0,1.0,0.0,100.0,1.0,0.0,100.0,1.0,0.0
130,actuated,0,0,0.0,0.0,10876629.16166679,1812771.526944465,1907.0,27.242857142857144,106470.01522720799,1521.0002175315426,70.0,1.0002971763029995e-06,100.0,70.0,30,3.0158690167927975e-06,1.0,100.0,100.0,6.0,1.0,0.0,0.0,6,100.0,1.0,0.0,100.0,1.0,0.0,100.0,1.0,0.0,100.0,1.0,0.0,100.0,1.0,0.0,100.0,1.0,0.0
131,actuated,0,0,0.0,0.0,7330130.290054062,1221688.3816756771,2257.0,32.24285714285714,106469.98624057257,1520.999803436751,70.0,3.9038069974565933e-07,100.0,70.0,30,2.102264405654866e-06,1.0,100.0,100.0,6.0,1.0,0.0,0.0,6,100.0,1.0,0.0,100.0,1.0,0.0,100.0,1.0,0.0,100.0,1.0,0.0,100.0,1.0,0.0,100.0,1.0,0.0
132,actuated,0,0,0.0,0.0,7589547.5967680365,1264924.5994613394,2607.0,37.24285714285714,106470.00034377156,1521.0000049110222,70.0,3.337901346754514e-07,100.0,70.0,30,1.7975148862229276e-06,1.0,100.0,100.0,6.0,1.0,0.0,0.0,6,100.0,1.0,0.0,100.0,1.0,0.0,100.0,1.0,0.0,100.0,1.0,0.0,100.0,1.0,0.0,100.0,1.0,0.0
133,actuated,0,0,0.0,0.0,6000000.0,1000000.0,2957.0,42.24285714285714,106470.0,1521.0,70.0,0.0,100.0,70.0,30,0.0,1.0,100.0,100.0,6.0,1.0,0.0,0.0,6,100.0,1.0,0.0,100.0,1.0,0.0,100.0,1.0,0.0,100.0,1.0,0.0,100.0,1.0,0.0,100.0,1.0,0.0
134,actuated,0,0,0.0,0.0,6000000.0,1000000.0,3307.0,47.24285714285714,106470.0,1521.0,70.0,0.0,100.0,70.0,30,0.0,1.0,100.0,100.0,6.0,1.0,0.0,0.0,6,100.0,1.0,0.0,100.0,1.0,0.0,100.0,1.0,0.0,100.0,1.0,0.0,100.0,1.0,0.0,100.0,1.0,0.0
135,actuated,0,0,0.0,0.0,6000000.0,1000000.0,3657.0,52.24285714285714,106470.0,1521.0,70.0,0.0,100.0,70.0,30,0.0,1.0,100.0,100.0,6.0,1.0,0.0,0.0,6,100.0,1.0,0.0,100.0,1.0,0.0,100.0,1.0,0.0,100.0,1.0,0.0,100.0,1.0,0.0,100.0,1.0,0.0
136,actuated,0,0,0.0,0.0,6000000.0,1000000.0,4007.0,57.24285714285714,106470.0,1521.0,70.0,0.0,100.0,70.0,30,0.0,1.0,100.0,100.0,6.0,1.0,0.0,0.0,6,100.0,1.0,0.0,100.0,1.0,0.0,100.0,1.0,0.0,100.0,1.0,0.0,100.0,1.0,0.0,100.0,1.0,0.0
137,actuated,0,0,0.0,0.0,6000000.0,1000000.0,4357.0,62.24285714285714,106470.0,1521.0,70.0,0.0,100.0,70.0,30,0.0,1.0,100.0,100.0,6.0,1.0,0.0,0.0,6,100.0,1.0,0.0,100.0,1.0,0.0,100.0,1.0,0.0,100.0,1.0,0.0,100.0,1.0,0.0,100.0,1.0,0.0
138,actuated,0,0,0.0,0.0,6000000.0,1000000.0,4707.0,67.24285714285715,106470.0,1521.0,70.0,0.0,100.0,70.0,30,0.0,1.0,100.0,100.0,6.0,1.0,0.0,0.0,6,100.0,1.0,0.0,100.0,1.0,0.0,100.0,1.0,0.0,100.0,1.0,0.0,100.0,1.0,0.0,100.0,1.0,0.0
139,actuated,0,0,0.0,0.0,6000000.0,1000000.0,5057.0,72.24285714285715,106470.0,1521.0,70.0,0.0,100.0,70.0,30,0.0,1.0,100.0,100.0,6.0,1.0,0.0,0.0,6,100.0,1.0,0.0,100.0,1.0,0.0,100.0,1.0,0.0,100.0,1.0,0.0,100.0,1.0,0.0,100.0,1.0,0.0
140,actuated,0,0,0.0,0.0,6000000.0,1000000.0,5407.0,77.24285714285715,106470.0,1521.0,70.0,0.0,100.0,70.0,30,0.0,1.0,100.0,100.0,6.0,1.0,0.0,0.0,6,100.0,1.0,0.0,100.0,1.0,0.0,100.0,1.0,0.0,100.0,1.0,0.0,100.0,1.0,0.0,100.0,1.0,0.0
141,actuated,0,0,0.0,0.0,7770713.055356918,1295118.8425594864,5757.0,82.24285714285715,106470.01421757722,1521.000203108246,70.0,3.031051789653616e-07,100.0,70.0,30,1.6322713426244708e-06,1.0,100.0,100.0,6.0,1.0,0.0,0.0,6,100.0,1.0,0.0,100.0,1.0,0.0,100.0,1.0,0.0,100.0,1.0,0.0,100.0,1.0,0.0,100.0,1.0,0.0
142,actuated,0,0,0.0,0.0,12850950.16994505,2141825.028324175,6107.0,87.24285714285715,106470.00715255532,1521.0001021793619,70.0,1.92659977478736e-06,100.0,70.0,30,4.336964650613648e-06,1.0,100.0,100.0,6.0,1.0,0.0,0.0,6,100.0,1.0,0.0,100.0,1.0,0.0,100.0,1.0,0.0,100.0,1.0,0.0,100.0,1.0,0.0,100.0,1.0,0.0
143,actuated,0,0,0.0,0.0,7570174.5054665925,1261695.7509110987,6457.0,92.24285714285715,106469.98127406901,1520.9997324867002,70.0,3.3744319076377433e-07,100.0,70.0,30,1.8171871953082528e-06,1.0,100.0,100.0,6.0,1.0,0.0,0.0,6,100.0,1.0,0.0,100.0,1.0,0.0,100.0,1.0,0.0,100.0,1.0,0.0,100.0,1.0,0.0,100.0,1.0,0.0
144,actuated,0,0,0.0,0.0,6000000.0,1000000.0,6807.0,97.24285714285715,106470.0,1521.0,70.0,0.0,100.0,70.0,30,0.0,1.0,100.0,100.0,6.0,1.0,0.0,0.0,6,100.0,1.0,0.0,100.0,1.0,0.0,100.0,1.0,0.0,100.0,1.0,0.0,100.0,1.0,0.0,100.0,1.0,0.0
145,actuated,0,0,0.0,0.0,6000000.0,1000000.0,7157.0,102.24285714285715,106470.0,1521.0,70.0,0.0,100.0,70.0,30,0.0,1.0,100.0,100.0,6.0,1.0,0.0,0.0,6,100.0,1.0,0.0,100.0,1.0,0.0,100.0,1.0,0.0,100.0,1.0,0.0,100.0,1.0,0.0,100.0,1.0,0.0
146,actuated,0,0,0.0,0.0,6000000.0,1000000.0,7507.0,107.24285714285715,106470.0,1521.0,70.0,0.0,100.0,70.0,30,0.0,1.0,100.0,100.0,6.0,1.0,0.0,0.0,6,100.0,1.0,0.0,100.0,1.0,0.0,100.0,1.0,0.0,100.0,1.0,0.0,100.0,1.0,0.0,100.0,1.0,0.0
147,actuated,0,0,0.0,0.0,6000000.0,1000000.0,7857.0,112.24285714285715,106470.0,1521.0,70.0,0.0,100.0,70.0,30,0.0,1.0,100.0,100.0,6.0,1.0,0.0,0.0,6,100.0,1.0,0.0,100.0,1.0,0.0,100.0,1.0,0.0,100.0,1.0,0.0,100.0,1.0,0.0,100.0,1.0,0.0
148,actuated,0,0,0.0,0.0,6000000.0,1000000.0,8207.0,117.24285714285715,106470.0,1521.0,70.0,0.0,100.0,70.0,30,0.0,1.0,100.0,100.0,6.0,1.0,0.0,0.0,6,100.0,1.0,0.0,100.0,1.0,0.0,100.0,1.0,0.0,100.0,1.0,0.0,100.0,1.0,0.0,100.0,1.0,0.0
149,actuated,0,0,0.0,0.0,6000000.0,1000000.0,8557.0,122.24285714285715,106470.0,1521.0,70.0,0.0,100.0,70.0,30,0.0,1.0,100.0,100.0,6.0,1.0,0.0,0.0,6,100.0,1.0,0.0,100.0,1.0,0.0,100.0,1.0,0.0,100.0,1.0,0.0,100.0,1.0,0.0,100.0,1.0,0.0
150,actuated,0,0,0.0,0.0,6000000.0,1000000.0,8907.0,127.24285714285715,106470.0,1521.0,70.0,0.0,100.0,70.0,30,0.0,1.0,100.0,100.0,6.0,1.0,0.0,0.0,6,100.0,1.0,0.0,100.0,1.0,0.0,100.0,1.0,0.0,100.0,1.0,0.0,100.0,1.0,0.0,100.0,1.0,0.0
151,actuated,0,0,0.0,0.0,6000000.0,1000000.0,9257.0,132.24285714285713,106470.0,1521.0,70.0,0.0,100.0,70.0,30,0.0,1.0,100.0,100.0,6.0,1.0,0.0,0.0,6,100.0,1.0,0.0,100.0,1.0,0.0,100.0,1.0,0.0,100.0,1.0,0.0,100.0,1.0,0.0,100.0,1.0,0.0
152,actuated,0,0,0.0,0.0,6000000.0,1000000.0,9607.0,137.24285714285713,106470.0,1521.0,70.0,0.0,100.0,70.0,30,0.0,1.0,100.0,100.0,6.0,1.0,0.0,0.0,6,100.0,1.0,0.0,100.0,1.0,0.0,100.0,1.0,0.0,100.0,1.0,0.0,100.0,1.0,0.0,100.0,1.0,0.0
153,actuated,0,0,0.0,0.0,6000000.0,1000000.0,9957.0,142.24285714285713,106470.0,1521.0,70.0,0.0,100.0,70.0,30,0.0,1.0,100.0,100.0,6.0,1.0,0.0,0.0,6,100.0,1.0,0.0,100.0,1.0,0.0,100.0,1.0,0.0,100.0,1.0,0.0,100.0,1.0,0.0,100.0,1.0,0.0
154,actuated,0,0,0.0,0.0,6000000.0,1000000.0,10307.0,147.24285714285713,106470.0,1521.0,70.0,0.0,100.0,70.0,30,0.0,1.0,100.0,100.0,6.0,1.0,0.0,0.0,6,100.0,1.0,0.0,100.0,1.0,0.0,100.0,1.0,0.0,100.0,1.0,0.0,100.0,1.0,0.0,100.0,1.0,0.0
155,actuated,0,0,0.0,0.0,6000000.0,1000000.0,10657.0,152.24285714285713,106470.0,1521.0,70.0,0.0,100.0,70.0,30,0.0,1.0,100.0,100.0,6.0,1.0,0.0,0.0,6,100.0,1.0,0.0,100.0,1.0,0.0,100.0,1.0,0.0,100.0,1.0,0.0,100.0,1.0,0.0,100.0,1.0,0.0
156,actuated,0,0,0.0,0.0,6000000.0,1000000.0,11007.0,157.24285714285713,106470.0,1521.0,70.0,0.0,100.0,70.0,30,0.0,1.0,100.0,100.0,6.0,1.0,0.0,0.0,6,100.0,1.0,0.0,100.0,1.0,0.0,100.0,1.0,0.0,100.0,1.0,0.0,100.0,1.0,0.0,100.0,1.0,0.0
157,actuated,0,0,0.0,0.0,6000000.0,1000000.0,11357.0,162.24285714285713,106470.0,1521.0,70.0,0.0,100.0,70.0,30,0.0,1.0,100.0,100.0,6.0,1.0,0.0,0.0,6,100.0,1.0,0.0,100.0,1.0,0.0,100.0,1.0,0.0,100.0,1.0,0.0,100.0,1.0,0.0,100.0,1.0,0.0
158,actuated,0,0,0.0,0.0,6000000.0,1000000.0,11707.0,167.24285714285713,106470.0,1521.0,70.0,0.0,100.0,70.0,30,0.0,1.0,100.0,100.0,6.0,1.0,0.0,0.0,6,100.0,1.0,0.0,100.0,1.0,0.0,100.0,1.0,0.0,100.0,1.0,0.0,100.0,1.0,0.0,100.0,1.0,0.0
159,actuated,0,0,0.0,0.0,6000000.0,1000000.0,12057.0,172.24285714285713,106470.0,1521.0,70.0,0.0,100.0,70.0,30,0.0,1.0,100.0,100.0,6.0,1.0,0.0,0.0,6,100.0,1.0,0.0,100.0,1.0,0.0,100.0,1.0,0.0,100.0,1.0,0.0,100.0,1.0,0.0,100.0,1.0,0.0
160,actuated,0,0,0.0,0.0,6000000.0,1000000.0,12407.0,177.24285714285713,106470.0,1521.0,70.0,0.0,100.0,70.0,30,0.0,1.0,100.0,100.0,6.0,1.0,0.0,0.0,6,100.0,1.0,0.0,100.0,1.0,0.0,100.0,1.0,0.0,100.0,1.0,0.0,100.0,1.0,0.0,100.0,1.0,0.0
161,actuated,0,0,0.0,0.0,6000000.0,1000000.0,12757.0,182.24285714285713,106470.0,1521.0,70.0,0.0,100.0,70.0,30,0.0,1.0,100.0,100.0,6.0,1.0,0.0,0.0,6,100.0,1.0,0.0,100.0,1.0,0.0,100.0,1.0,0.0,100.0,1.0,0.0,100.0,1.0,0.0,100.0,1.0,0.0
162,actuated,0,0,0.0,0.0,6000000.0,1000000.0,13107.0,187.24285714285713,106470.0,1521.0,70.0,0.0,100.0,70.0,30,0.0,1.0,100.0,100.0,6.0,1.0,0.0,0.0,6,100.0,1.0,0.0,100.0,1.0,0.0,100.0,1.0,0.0,100.0,1.0,0.0,100.0,1.0,0.0,100.0,1.0,0.0
163,actuated,0,0,0.0,0.0,6000000.0,1000000.0,13457.0,192.24285714285713,106470.0,1521.0,70.0,0.0,100.0,70.0,30,0.0,1.0,100.0,100.0,6.0,1.0,0.0,0.0,6,100.0,1.0,0.0,100.0,1.0,0.0,100.0,1.0,0.0,100.0,1.0,0.0,100.0,1.0,0.0,100.0,1.0,0.0
164,actuated,0,0,0.0,0.0,6000000.0,1000000.0,13807.0,197.24285714285713,106470.0,1521.0,70.0,0.0,100.0,70.0,30,0.0,1.0,100.0,100.0,6.0,1.0,0.0,0.0,6,100.0,1.0,0.0,100.0,1.0,0.0,100.0,1.0,0.0,100.0,1.0,0.0,100.0,1.0,0.0,100.0,1.0,0.0
165,actuated,0,0,0.0,0.0,6000000.0,1000000.0,14157.0,202.24285714285713,106470.0,1521.0,70.0,0.0,100.0,70.0,30,0.0,1.0,100.0,100.0,6.0,1.0,0.0,0.0,6,100.0,1.0,0.0,100.0,1.0,0.0,100.0,1.0,0.0,100.0,1.0,0.0,100.0,1.0,0.0,100.0,1.0,0.0
166,actuated,0,0,0.0,0.0,6000000.0,1000000.0,14507.0,207.24285714285713,106470.0,1521.0,70.0,0.0,100.0,70.0,30,0.0,1.0,100.0,100.0,6.0,1.0,0.0,0.0,6,100.0,1.0,0.0,100.0,1.0,0.0,100.0,1.0,0.0,100.0,1.0,0.0,100.0,1.0,0.0,100.0,1.0,0.0
167,actuated,0,0,0.0,0.0,6000000.0,1000000.0,14857.0,212.24285714285713,106470.0,1521.0,70.0,0.0,100.0,70.0,30,0.0,1.0,100.0,100.0,6.0,1.0,0.0,0.0,6,100.0,1.0,0.0,100.0,1.0,0.0,100.0,1.0,0.0,100.0,1.0,0.0,100.0,1.0,0.0,100.0,1.0,0.0
168,actuated,0,0,0.0,0.0,6000000.0,1000000.0,15207.0,217.24285714285713,106470.0,1521.0,70.0,0.0,100.0,70.0,30,0.0,1.0,100.0,100.0,6.0,1.0,0.0,0.0,6,100.0,1.0,0.0,100.0,1.0,0.0,100.0,1.0,0.0,100.0,1.0,0.0,100.0,1.0,0.0,100.0,1.0,0.0
169,actuated,0,0,0.0,0.0,6000000.0,1000000.0,15557.0,222.24285714285713,106470.0,1521.0,70.0,0.0,100.0,70.0,30,0.0,1.0,100.0,100.0,6.0,1.0,0.0,0.0,6,100.0,1.0,0.0,100.0,1.0,0.0,100.0,1.0,0.0,100.0,1.0,0.0,100.0,1.0,0.0,100.0,1.0,0.0
170,actuated,0,0,0.0,0.0,6000000.0,1000000.0,15907.0,227.24285714285713,106470.0,1521.0,70.0,0.0,100.0,70.0,30,0.0,1.0,100.0,100.0,6.0,1.0,0.0,0.0,6,100.0,1.0,0.0,100.0,1.0,0.0,100.0,1.0,0.0,100.0,1.0,0.0,100.0,1.0,0.0,100.0,1.0,0.0
171,actuated,0,0,0.0,0.0,6000000.0,1000000.0,16257.0,232.24285714285713,106470.0,1521.0,70.0,0.0,100.0,70.0,30,0.0,1.0,100.0,100.0,6.0,1.0,0.0,0.0,6,100.0,1.0,0.0,100.0,1.0,0.0,100.0,1.0,0.0,100.0,1.0,0.0,100.0,1.0,0.0,100.0,1.0,0.0
172,actuated,0,0,0.0,0.0,6000000.0,1000000.0,16607.0,237.24285714285713,106470.0,1521.0,70.0,0.0,100.0,70.0,30,0.0,1.0,100.0,100.0,6.0,1.0,0.0,0.0,6,100.0,1.0,0.0,100.0,1.0,0.0,100.0,1.0,0.0,100.0,1.0,0.0,100.0,1.0,0.0,100.0,1.0,0.0
173,actuated,0,0,0.0,0.0,6000000.0,1000000.0,16957.0,242.24285714285713,106470.0,1521.0,70.0,0.0,100.0,70.0,30,0.0,1.0,100.0,100.0,6.0,1.0,0.0,0.0,6,100.0,1.0,0.0,100.0,1.0,0.0,100.0,1.0,0.0,100.0,1.0,0.0,100.0,1.0,0.0,100.0,1.0,0.0
174,actuated,0,0,0.0,0.0,6000000.0,1000000.0,17307.0,247.24285714285713,106470.0,1521.0,70.0,0.0,100.0,70.0,30,0.0,1.0,100.0,100.0,6.0,1.0,0.0,0.0,6,100.0,1.0,0.0,100.0,1.0,0.0,100.0,1.0,0.0,100.0,1.0,0.0,100.0,1.0,0.0,100.0,1.0,0.0
175,actuated,0,0,0.0,0.0,6000000.0,1000000.0,17657.0,252.24285714285713,106470.0,1521.0,70.0,0.0,100.0,70.0,30,0.0,1.0,100.0,100.0,6.0,1.0,0.0,0.0,6,100.0,1.0,0.0,100.0,1.0,0.0,100.0,1.0,0.0,100.0,1.0,0.0,100.0,1.0,0.0,100.0,1.0,0.0
176,actuated,0,0,0.0,0.0,6000000.0,1000000.0,18007.0,257.24285714285713,106470.0,1521.0,70.0,0.0,100.0,70.0,30,0.0,1.0,100.0,100.0,6.0,1.0,0.0,0.0,6,100.0,1.0,0.0,100.0,1.0,0.0,100.0,1.0,0.0,100.0,1.0,0.0,100.0,1.0,0.0,100.0,1.0,0.0
177,actuated,0,0,0.0,0.0,6000000.0,1000000.0,18357.0,262.24285714285713,106470.0,1521.0,70.0,0.0,100.0,70.0,30,0.0,1.0,100.0,100.0,6.0,1.0,0.0,0.0,6,100.0,1.0,0.0,100.0,1.0,0.0,100.0,1.0,0.0,100.0,1.0,0.0,100.0,1.0,0.0,100.0,1.0,0.0
178,actuated,0,0,0.0,0.0,6000000.0,1000000.0,18707.0,267.24285714285713,106470.0,1521.0,70.0,0.0,100.0,70.0,30,0.0,1.0,100.0,100.0,6.0,1.0,0.0,0.0,6,100.0,1.0,0.0,100.0,1.0,0.0,100.0,1.0,0.0,100.0,1.0,0.0,100.0,1.0,0.0,100.0,1.0,0.0
179,actuated,0,0,0.0,0.0,6000000.0,1000000.0,19057.0,272.24285714285713,106470.0,1521.0,70.0,0.0,100.0,70.0,30,0.0,1.0,100.0,100.0,6.0,1.0,0.0,0.0,6,100.0,1.0,0.0,100.0,1.0,0.0,100.0,1.0,0.0,100.0,1.0,0.0,100.0,1.0,0.0,100.0,1.0,0.0
180,actuated,0,0,0.0,0.0,6000000.0,1000000.0,19407.0,277.24285714285713,106470.0,1521.0,70.0,0.0,100.0,70.0,30,0.0,1.0,100.0,100.0,6.0,1.0,0.0,0.0,6,100.0,1.0,0.0,100.0,1.0,0.0,100.0,1.0,0.0,100.0,1.0,0.0,100.0,1.0,0.0,100.0,1.0,0.0
181,actuated,0,0,0.0,0.0,6000000.0,1000000.0,19757.0,282.24285714285713,106470.0,1521.0,70.0,0.0,100.0,70.0,30,0.0,1.0,100.0,100.0,6.0,1.0,0.0,0.0,6,100.0,1.0,0.0,100.0,1.0,0.0,100.0,1.0,0.0,100.0,1.0,0.0,100.0,1.0,0.0,100.0,1.0,0.0
182,actuated,0,0,0.0,0.0,6000000.0,1000000.0,20046.8,286.3828571428571,106470.0,1521.0,70.0,0.0,100.0,70.0,30,0.0,1.0,100.0,100.0,6.0,1.0,0.0,0.0,6,100.0,1.0,0.0,100.0,1.0,0.0,100.0,1.0,0.0,100.0,1.0,0.0,100.0,1.0,0.0,100.0,1.0,0.0
183,actuated,0,0,615.7987902771259,439.8562787693757,3801836.16751819,633639.3612530316,18167.6,267.9587020648967,105288.76756797134,1552.9316750438252,67.8,0.07183654050141344,90.0,63.0,28,0.13171394113857107,0.9292035398230089,90.0,100.0,5.6,0.9333333333333332,0.0,0.0,6,100.0,1.0,0.0,100.0,1.0,0.0,100.0,1.0,0.0,100.0,1.0,0.0,40.0,0.6,0.0,100.0,1.0,0.0
184,actuated,0,0,1281.848647049113,237.37937908316906,601281.8486470489,100213.64144117483,11317.2,175.73291925465838,104526.86228413,1623.0879236666149,64.4,0.4971206937646557,46.77147039630313,40.2,21,0.37593027066731205,0.6242236024844721,46.77147039630313,100.0,4.2,0.7000000000000001,2.008328356480075,0.0,6,36.062316632956026,0.6,2.3439716135107997,36.66963899293705,0.6,2.4170202563464693,36.06254207951679,0.6,2.3305099744858118,33.95959413082892,0.6,2.241852962590999,37.87473054157999,0.8,2.7166153319463704,100.0,1.0,0.0
185,actuated,0,0,939.412638049402,156.56877300823365,939.412638049402,156.56877300823365,4570.8,73.25,98622.78002200194,1580.4932695833645,62.4,0.8576827413923739,72.05937345206394,26.0,26,0.7642480692228749,0.4166666666666667,72.05937345206394,100.0,5.199999999999999,0.8666666666666666,1.022793361937025,0.0,6,100.0,1.0,0.0,100.0,1.0,0.0,100.0,1.0,0.0,100.0,1.0,0.0,7.196253042434364,0.6,4.318308961066213,25.15998766994926,0.6,1.8184512105559365
186,actuated,0,0,1077.0465529447154,179.50775882411924,1077.0465529447154,179.50775882411924,536.4,8.487341772151899,96325.10422570482,1524.1313959763422,63.2,0.8670446376865578,86.41429570018924,29.0,29,0.6755847763927328,0.4588607594936709,86.41429570018924,100.0,5.8,0.9666666666666667,1.303769615724234,0.0,6,100.0,1.0,0.0,100.0,1.0,0.0,100.0,1.0,0.0,100.0,1.0,0.0,93.84819007221722,1.0,4.443833498939653,24.637584128918206,0.8,3.3787841954057507
187,actuated,0,0,1165.0511448314921,291.26278620787303,5628.943930478132,938.1573217463553,291.8,4.503086419753086,100008.90548821611,1543.3473069169154,64.8,0.7130344605200187,88.21956284680482,42.2,28,1.0964491877326759,0.6512345679012346,88.21956284680482,100.0,5.6,0.9333333333333332,0.7962771447506601,0.0,6,100.0,1.0,0.0,100.0,1.0,0.0,100.0,1.0,0.0,100.0,1.0,0.0,100.0,1.0,0.0,29.31737708082892,0.6,4.777662868503961
188,actuated,0,0,250.4201522659874,125.2100761329937,338908.6626602186,56484.77711003643,543.6,8.286585365853659,102495.01733493977,1562.4240447399354,65.6,0.7123182728218541,87.05924592221966,55.8,29,1.4002117204245175,0.850609756097561,87.05924592221966,100.0,5.8,0.9666666666666667,0.9588546210809646,0.0,6,100.0,1.0,0.0,100.0,1.0,0.0,100.0,1.0,0.0,100.0,1.0,0.0,100.0,1.0,0.0,22.355475533317986,0.8,5.753127726485788
189,actuated,0,0,460.4915419199069,255.82863439994827,7881277.885838976,1313546.314306496,837.0,12.492537313432836,100114.66319750823,1494.2487044404213,67.0,0.3296654990232961,100.0,60.8,30,0.7183557164028262,0.9074626865671642,100.0,100.0,6.0,1.0,0.0,0.0,6,100.0,1.0,0.0,100.0,1.0,0.0,100.0,1.0,0.0,100.0,1.0,0.0,100.0,1.0,0.0,100.0,1.0,0.0
190,actuated,0,0,115.42418835618784,115.42418835618784,6793813.864622799,1132302.3107704665,1152.2,16.944117647058825,104158.09444825335,1531.7366830625492,68.0,0.13414112035595213,100.0,65.0,30,0.3050982565723586,0.9558823529411765,100.0,100.0,6.0,1.0,0.0,0.0,6,100.0,1.0,0.0,100.0,1.0,0.0,100.0,1.0,0.0,100.0,1.0,0.0,100.0,1.0,0.0,100.0,1.0,0.0
191,actuated,0,0,151.54491897560604,151.54491897560604,15109899.216000577,2518316.5360000962,1481.2,21.466666666666665,105428.9575812686,1527.9559069749073,69.0,0.10176692360592957,100.0,66.4,30,0.23178605447283046,0.9623188405797102,100.0,100.0,6.0,1.0,0.0,0.0,6,100.0,1.0,0.0,100.0,1.0,0.0,100.0,1.0,0.0,100.0,1.0,0.0,100.0,1.0,0.0,100.0,1.0,0.0
192,actuated,0,0,396.602108488394,396.602108488394,18802412.362630315,3133735.393771719,1817.6,25.965714285714284,106352.94807721928,1519.3278296745611,70.0,0.04342018769783795,100.0,68.4,30,0.10487785843702455,0.9771428571428571,100.0,100.0,6.0,1.0,0.0,0.0,6,100.0,1.0,0.0,100.0,1.0,0.0,100.0,1.0,0.0,100.0,1.0,0.0,100.0,1.0,0.0,100.0,1.0,0.0
193,actuated,0,0,71.19783268567848,71.19783268567848,13206784.463196624,2201130.743866104,2163.2,30.902857142857144,106266.29425021067,1518.0899178601526,70.0,0.010168003860360481,100.0,69.6,30,0.045627991037984456,0.9942857142857143,100.0,100.0,6.0,1.0,0.0,0.0,6,100.0,1.0,0.0,100.0,1.0,0.0,100.0,1.0,0.0,100.0,1.0,0.0,100.0,1.0,0.0,100.0,1.0,0.0
194,actuated,0,0,0.0,0.0,12805108.937662447,2134184.822943741,2513.0,35.9,106468.80547659253,1520.9829353798932,70.0,5.5363364659655814e-06,100.0,70.0,30,1.735893436941092e-05,1.0,100.0,100.0,6.0,1.0,0.0,0.0,6,100.0,1.0,0.0,100.0,1.0,0.0,100.0,1.0,0.0,100.0,1.0,0.0,100.0,1.0,0.0,100.0,1.0,0.0
195,actuated,0,0,0.0,0.0,6000000.0,1000000.0,2863.0,40.9,106470.0,1521.0,70.0,0.0,100.0,70.0,30,0.0,1.0,100.0,100.0,6.0,1.0,0.0,0.0,6,100.0,1.0,0.0,100.0,1.0,0.0,100.0,1.0,0.0,100.0,1.0,0.0,100.0,1.0,0.0,100.0,1.0,0.0
196,actuated,0,0,0.0,0.0,6000000.0,1000000.0,3213.0,45.9,106470.0,1521.0,70.0,0.0,100.0,70.0,30,0.0,1.0,100.0,100.0,6.0,1.0,0.0,0.0,6,100.0,1.0,0.0,100.0,1.0,0.0,100.0,1.0,0.0,100.0,1.0,0.0,100.0,1.0,0.0,100.0,1.0,0.0
197,actuated,0,0,0.0,0.0,6000000.0,1000000.0,3563.0,50.9,106470.0,1521.0,70.0,0.0,100.0,70.0,30,0.0,1.0,100.0,100.0,6.0,1.0,0.0,0.0,6,100.0,1.0,0.0,100.0,1.0,0.0,100.0,1.0,0.0,100.0,1.0,0.0,100.0,1.0,0.0,100.0,1.0,0.0
198,actuated,0,0,0.0,0.0,6000000.0,1000000.0,3913.0,55.9,106470.0,1521.0,70.0,0.0,100.0,70.0,30,0.0,1.0,100.0,100.0,6.0,1.0,0.0,0.0,6,100.0,1.0,0.0,100.0,1.0,0.0,100.0,1.0,0.0,100.0,1.0,0.0,100.0,1.0,0.0,100.0,1.0,0.0
199,actuated,0,0,0.0,0.0,6000000.0,1000000.0,4263.0,60.9,106470.0,1521.0,70.0,0.0,100.0,70.0,30,0.0,1.0,100.0,100.0,6.0,1.0,0.0,0.0,6,100.0,1.0,0.0,100.0,1.0,0.0,100.0,1.0,0.0,100.0,1.0,0.0,100.0,1.0,0.0,100.0,1.0,0.0
200,actuated,0,0,0.0,0.0,6000000.0,1000000.0,4613.0,65.9,106470.0,1521.0,70.0,0.0,100.0,70.0,30,0.0,1.0,100.0,100.0,6.0,1.0,0.0,0.0,6,100.0,1.0,0.0,100.0,1.0,0.0,100.0,1.0,0.0,100.0,1.0,0.0,100.0,1.0,0.0,100.0,1.0,0.0
201,actuated,0,0,0.0,0.0,6000000.0,1000000.0,4963.0,70.9,106470.0,1521.0,70.0,0.0,100.0,70.0,30,0.0,1.0,100.0,100.0,6.0,1.0,0.0,0.0,6,100.0,1.0,0.0,100.0,1.0,0.0,100.0,1.0,0.0,100.0,1.0,0.0,100.0,1.0,0.0,100.0,1.0,0.0
202,actuated,0,0,0.0,0.0,6000000.0,1000000.0,5313.0,75.9,106470.0,1521.0,70.0,0.0,100.0,70.0,30,0.0,1.0,100.0,100.0,6.0,1.0,0.0,0.0,6,100.0,1.0,0.0,100.0,1.0,0.0,100.0,1.0,0.0,100.0,1.0,0.0,100.0,1.0,0.0,100.0,1.0,0.0
203,actuated,0,0,0.0,0.0,6000000.0,1000000.0,5663.0,80.9,106470.0,1521.0,70.0,0.0,100.0,70.0,30,0.0,1.0,100.0,100.0,6.0,1.0,0.0,0.0,6,100.0,1.0,0.0,100.0,1.0,0.0,100.0,1.0,0.0,100.0,1.0,0.0,100.0,1.0,0.0,100.0,1.0,0.0
204,actuated,0,0,0.0,0.0,6000000.0,1000000.0,6013.0,85.9,106470.0,1521.0,70.0,0.0,100.0,70.0,30,0.0,1.0,100.0,100.0,6.0,1.0,0.0,0.0,6,100.0,1.0,0.0,100.0,1.0,0.0,100.0,1.0,0.0,100.0,1.0,0.0,100.0,1.0,0.0,100.0,1.0,0.0
205,actuated,0,0,0.0,0.0,6000000.0,1000000.0,6363.0,90.9,106470.0,1521.0,70.0,0.0,100.0,70.0,30,0.0,1.0,100.0,100.0,6.0,1.0,0.0,0.0,6,100.0,1.0,0.0,100.0,1.0,0.0,100.0,1.0,0.0,100.0,1.0,0.0,100.0,1.0,0.0,100.0,1.0,0.0
206,actuated,0,0,0.0,0.0,6000000.0,1000000.0,6713.0,95.9,106470.0,1521.0,70.0,0.0,100.0,70.0,30,0.0,1.0,100.0,100.0,6.0,1.0,0.0,0.0,6,100.0,1.0,0.0,100.0,1.0,0.0,100.0,1.0,0.0,100.0,1.0,0.0,100.0,1.0,0.0,100.0,1.0,0.0
207,actuated,0,0,0.0,0.0,6000000.0,1000000.0,7063.0,100.9,106470.0,1521.0,70.0,0.0,100.0,70.0,30,0.0,1.0,100.0,100.0,6.0,1.0,0.0,0.0,6,100.0,1.0,0.0,100.0,1.0,0.0,100.0,1.0,0.0,100.0,1.0,0.0,100.0,1.0,0.0,100.0,1.0,0.0
208,actuated,0,0,0.0,0.0,6000000.0,1000000.0,7413.0,105.9,106470.0,1521.0,70.0,0.0,100.0,70.0,30,0.0,1.0,100.0,100.0,6.0,1.0,0.0,0.0,6,100.0,1.0,0.0,100.0,1.0,0.0,100.0,1.0,0.0,100.0,1.0,0.0,100.0,1.0,0.0,100.0,1.0,0.0
209,actuated,0,0,0.0,0.0,6000000.0,1000000.0,7763.0,110.9,106470.0,1521.0,70.0,0.0,100.0,70.0,30,0.0,1.0,100.0,100.0,6.0,1.0,0.0,0.0,6,100.0,1.0,0.0,100.0,1.0,0.0,100.0,1.0,0.0,100.0,1.0,0.0,100.0,1.0,0.0,100.0,1.0,0.0
210,actuated,0,0,0.0,0.0,6000000.0,1000000.0,8113.0,115.9,106470.0,1521.0,70.0,0.0,100.0,70.0,30,0.0,1.0,100.0,100.0,6.0,1.0,0.0,0.0,6,100.0,1.0,0.0,100.0,1.0,0.0,100.0,1.0,0.0,100.0,1.0,0.0,100.0,1.0,0.0,100.0,1.0,0.0
211,actuated,0,0,0.0,0.0,6000000.0,1000000.0,8463.0,120.9,106470.0,1521.0,70.0,0.0,100.0,70.0,30,0.0,1.0,100.0,100.0,6.0,1.0,0.0,0.0,6,100.0,1.0,0.0,100.0,1.0,0.0,100.0,1.0,0.0,100.0,1.0,0.0,100.0,1.0,0.0,100.0,1.0,0.0
212,actuated,0,0,0.0,0.0,6000000.0,1000000.0,8813.0,125.9,106470.0,1521.0,70.0,0.0,100.0,70.0,30,0.0,1.0,100.0,100.0,6.0,1.0,0.0,0.0,6,100.0,1.0,0.0,100.0,1.0,0.0,100.0,1.0,0.0,100.0,1.0,0.0,100.0,1.0,0.0,100.0,1.0,0.0
213,actuated,0,0,0.0,0.0,6000000.0,1000000.0,9163.0,130.9,106470.0,1521.0,70.0,0.0,100.0,70.0,30,0.0,1.0,100.0,100.0,6.0,1.0,0.0,0.0,6,100.0,1.0,0.0,100.0,1.0,0.0,100.0,1.0,0.0,100.0,1.0,0.0,100.0,1.0,0.0,100.0,1.0,0.0
214,actuated,0,0,0.0,0.0,6000000.0,1000000.0,9513.0,135.9,106470.0,1521.0,70.0,0.0,100.0,70.0,30,0.0,1.0,100.0,100.0,6.0,1.0,0.0,0.0,6,100.0,1.0,0.0,100.0,1.0,0.0,100.0,1.0,0.0,100.0,1.0,0.0,100.0,1.0,0.0,100.0,1.0,0.0
215,actuated,0,0,0.0,0.0,6000000.0,1000000.0,9863.0,140.9,106470.0,1521.0,70.0,0.0,100.0,70.0,30,0.0,1.0,100.0,100.0,6.0,1.0,0.0,0.0,6,100.0,1.0,0.0,100.0,1.0,0.0,100.0,1.0,0.0,100.0,1.0,0.0,100.0,1.0,0.0,100.0,1.0,0.0
216,actuated,0,0,0.0,0.0,6000000.0,1000000.0,10213.0,145.9,106470.0,1521.0,70.0,0.0,100.0,70.0,30,0.0,1.0,100.0,100.0,6.0,1.0,0.0,0.0,6,100.0,1.0,0.0,100.0,1.0,0.0,100.0,1.0,0.0,100.0,1.0,0.0,100.0,1.0,0.0,100.0,1.0,0.0
217,actuated,0,0,0.0,0.0,6000000.0,1000000.0,10563.0,150.9,106470.0,1521.0,70.0,0.0,100.0,70.0,30,0.0,1.0,100.0,100.0,6.0,1.0,0.0,0.0,6,100.0,1.0,0.0,100.0,1.0,0.0,100.0,1.0,0.0,100.0,1.0,0.0,100.0,1.0,0.0,100.0,1.0,0.0
218,actuated,0,0,0.0,0.0,6000000.0,1000000.0,10913.0,155.9,106470.0,1521.0,70.0,0.0,100.0,70.0,30,0.0,1.0,100.0,100.0,6.0,1.0,0.0,0.0,6,100.0,1.0,0.0,100.0,1.0,0.0,100.0,1.0,0.0,100.0,1.0,0.0,100.0,1.0,0.0,100.0,1.0,0.0
219,actuated,0,0,0.0,0.0,6000000.0,1000000.0,11263.0,160.9,106470.0,1521.0,70.0,0.0,100.0,70.0,30,0.0,1.0,100.0,100.0,6.0,1.0,0.0,0.0,6,100.0,1.0,0.0,100.0,1.0,0.0,100.0,1.0,0.0,100.0,1.0,0.0,100.0,1.0,0.0,100.0,1.0,0.0
220,actuated,0,0,0.0,0.0,6000000.0,1000000.0,11613.0,165.9,106470.0,1521.0,70.0,0.0,100.0,70.0,30,0.0,1.0,100.0,100.0,6.0,1.0,0.0,0.0,6,100.0,1.0,0.0,100.0,1.0,0.0,100.0,1.0,0.0,100.0,1.0,0.0,100.0,1.0,0.0,100.0,1.0,0.0
221,actuated,0,0,0.0,0.0,6000000.0,1000000.0,11963.0,170.9,106470.0,1521.0,70.0,0.0,100.0,70.0,30,0.0,1.0,100.0,100.0,6.0,1.0,0.0,0.0,6,100.0,1.0,0.0,100.0,1.0,0.0,100.0,1.0,0.0,100.0,1.0,0.0,100.0,1.0,0.0,100.0,1.0,0.0
222,actuated,0,0,0.0,0.0,6000000.0,1000000.0,12313.0,175.9,106470.0,1521.0,70.0,0.0,100.0,70.0,30,0.0,1.0,100.0,100.0,6.0,1.0,0.0,0.0,6,100.0,1.0,0.0,100.0,1.0,0.0,100.0,1.0,0.0,100.0,1.0,0.0,100.0,1.0,0.0,100.0,1.0,0.0
223,actuated,0,0,0.0,0.0,6000000.0,1000000.0,12663.0,180.9,106470.0,1521.0,70.0,0.0,100.0,70.0,30,0.0,1.0,100.0,100.0,6.0,1.0,0.0,0.0,6,100.0,1.0,0.0,100.0,1.0,0.0,100.0,1.0,0.0,100.0,1.0,0.0,100.0,1.0,0.0,100.0,1.0,0.0
224,actuated,0,0,0.0,0.0,6000000.0,1000000.0,13013.0,185.9,106470.0,1521.0,70.0,0.0,100.0,70.0,30,0.0,1.0,100.0,100.0,6.0,1.0,0.0,0.0,6,100.0,1.0,0.0,100.0,1.0,0.0,100.0,1.0,0.0,100.0,1.0,0.0,100.0,1.0,0.0,100.0,1.0,0.0
225,actuated,0,0,0.0,0.0,6000000.0,1000000.0,13363.0,190.9,106470.0,1521.0,70.0,0.0,100.0,70.0,30,0.0,1.0,100.0,100.0,6.0,1.0,0.0,0.0,6,100.0,1.0,0.0,100.0,1.0,0.0,100.0,1.0,0.0,100.0,1.0,0.0,100.0,1.0,0.0,100.0,1.0,0.0
226,actuated,0,0,0.0,0.0,6000000.0,1000000.0,13713.0,195.9,106470.0,1521.0,70.0,0.0,100.0,70.0,30,0.0,1.0,100.0,100.0,6.0,1.0,0.0,0.0,6,100.0,1.0,0.0,100.0,1.0,0.0,100.0,1.0,0.0,100.0,1.0,0.0,100.0,1.0,0.0,100.0,1.0,0.0
227,actuated,0,0,0.0,0.0,6000000.0,1000000.0,14063.0,200.9,106470.0,1521.0,70.0,0.0,100.0,70.0,30,0.0,1.0,100.0,100.0,6.0,1.0,0.0,0.0,6,100.0,1.0,0.0,100.0,1.0,0.0,100.0,1.0,0.0,100.0,1.0,0.0,100.0,1.0,0.0,100.0,1.0,0.0
228,actuated,0,0,0.0,0.0,6000000.0,1000000.0,14413.0,205.9,106470.0,1521.0,70.0,0.0,100.0,70.0,30,0.0,1.0,100.0,100.0,6.0,1.0,0.0,0.0,6,100.0,1.0,0.0,100.0,1.0,0.0,100.0,1.0,0.0,100.0,1.0,0.0,100.0,1.0,0.0,100.0,1.0,0.0
229,actuated,0,0,0.0,0.0,6000000.0,1000000.0,14763.0,210.9,106470.0,1521.0,70.0,0.0,100.0,70.0,30,0.0,1.0,100.0,100.0,6.0,1.0,0.0,0.0,6,100.0,1.0,0.0,100.0,1.0,0.0,100.0,1.0,0.0,100.0,1.0,0.0,100.0,1.0,0.0,100.0,1.0,0.0
230,actuated,0,0,0.0,0.0,6000000.0,1000000.0,15113.0,215.9,106470.0,1521.0,70.0,0.0,100.0,70.0,30,0.0,1.0,100.0,100.0,6.0,1.0,0.0,0.0,6,100.0,1.0,0.0,100.0,1.0,0.0,100.0,1.0,0.0,100.0,1.0,0.0,100.0,1.0,0.0,100.0,1.0,0.0
231,actuated,0,0,0.0,0.0,6000000.0,1000000.0,15463.0,220.9,106470.0,1521.0,70.0,0.0,100.0,70.0,30,0.0,1.0,100.0,100.0,6.0,1.0,0.0,0.0,6,100.0,1.0,0.0,100.0,1.0,0.0,100.0,1.0,0.0,100.0,1.0,0.0,100.0,1.0,0.0,100.0,1.0,0.0
232,actuated,0,0,0.0,0.0,6000000.0,1000000.0,15813.0,225.9,106470.0,1521.0,70.0,0.0,100.0,70.0,30,0.0,1.0,100.0,100.0,6.0,1.0,0.0,0.0,6,100.0,1.0,0.0,100.0,1.0,0.0,100.0,1.0,0.0,100.0,1.0,0.0,100.0,1.0,0.0,100.0,1.0,0.0
233,actuated,0,0,0.0,0.0,6000000.0,1000000.0,16163.0,230.9,106470.0,1521.0,70.0,0.0,100.0,70.0,30,0.0,1.0,100.0,100.0,6.0,1.0,0.0,0.0,6,100.0,1.0,0.0,100.0,1.0,0.0,100.0,1.0,0.0,100.0,1.0,0.0,100.0,1.0,0.0,100.0,1.0,0.0
234,actuated,0,0,0.0,0.0,6000000.0,1000000.0,16513.0,235.9,106470.0,1521.0,70.0,0.0,100.0,70.0,30,0.0,1.0,100.0,100.0,6.0,1.0,0.0,0.0,6,100.0,1.0,0.0,100.0,1.0,0.0,100.0,1.0,0.0,100.0,1.0,0.0,100.0,1.0,0.0,100.0,1.0,0.0
235,actuated,0,0,0.0,0.0,6000000.0,1000000.0,16863.0,240.9,106470.0,1521.0,70.0,0.0,100.0,70.0,30,0.0,1.0,100.0,100.0,6.0,1.0,0.0,0.0,6,100.0,1.0,0.0,100.0,1.0,0.0,100.0,1.0,0.0,100.0,1.0,0.0,100.0,1.0,0.0,100.0,1.0,0.0
236,actuated,0,0,0.0,0.0,6000000.0,1000000.0,17213.0,245.9,106470.0,1521.0,70.0,0.0,100.0,70.0,30,0.0,1.0,100.0,100.0,6.0,1.0,0.0,0.0,6,100.0,1.0,0.0,100.0,1.0,0.0,100.0,1.0,0.0,100.0,1.0,0.0,100.0,1.0,0.0,100.0,1.0,0.0
237,actuated,0,0,0.0,0.0,6000000.0,1000000.0,17563.0,250.9,106470.0,1521.0,70.0,0.0,100.0,70.0,30,0.0,1.0,100.0,100.0,6.0,1.0,0.0,0.0,6,100.0,1.0,0.0,100.0,1.0,0.0,100.0,1.0,0.0,100.0,1.0,0.0,100.0,1.0,0.0,100.0,1.0,0.0
238,actuated,0,0,0.0,0.0,6000000.0,1000000.0,17913.0,255.9,106470.0,1521.0,70.0,0.0,100.0,70.0,30,0.0,1.0,100.0,100.0,6.0,1.0,0.0,0.0,6,100.0,1.0,0.0,100.0,1.0,0.0,100.0,1.0,0.0,100.0,1.0,0.0,100.0,1.0,0.0,100.0,1.0,0.0
239,actuated,0,0,0.0,0.0,6000000.0,1000000.0,18263.0,260.9,106470.0,1521.0,70.0,0.0,100.0,70.0,30,0.0,1.0,100.0,100.0,6.0,1.0,0.0,0.0,6,100.0,1.0,0.0,100.0,1.0,0.0,100.0,1.0,0.0,100.0,1.0,0.0,100.0,1.0,0.0,100.0,1.0,0.0
240,actuated,0,0,0.0,0.0,6000000.0,1000000.0,18613.0,265.9,106470.0,1521.0,70.0,0.0,100.0,70.0,30,0.0,1.0,100.0,100.0,6.0,1.0,0.0,0.0,6,100.0,1.0,0.0,100.0,1.0,0.0,100.0,1.0,0.0,100.0,1.0,0.0,100.0,1.0,0.0,100.0,1.0,0.0
241,actuated,0,0,0.0,0.0,6000000.0,1000000.0,18963.0,270.9,106470.0,1521.0,70.0,0.0,100.0,70.0,30,0.0,1.0,100.0,100.0,6.0,1.0,0.0,0.0,6,100.0,1.0,0.0,100.0,1.0,0.0,100.0,1.0,0.0,100.0,1.0,0.0,100.0,1.0,0.0,100.0,1.0,0.0
242,actuated,0,0,0.0,0.0,6000000.0,1000000.0,19313.0,275.9,106470.0,1521.0,70.0,0.0,100.0,70.0,30,0.0,1.0,100.0,100.0,6.0,1.0,0.0,0.0,6,100.0,1.0,0.0,100.0,1.0,0.0,100.0,1.0,0.0,100.0,1.0,0.0,100.0,1.0,0.0,100.0,1.0,0.0
243,actuated,0,0,0.0,0.0,6000000.0,1000000.0,19663.0,280.9,106470.0,1521.0,70.0,0.0,100.0,70.0,30,0.0,1.0,100.0,100.0,6.0,1.0,0.0,0.0,6,100.0,1.0,0.0,100.0,1.0,0.0,100.0,1.0,0.0,100.0,1.0,0.0,100.0,1.0,0.0,100.0,1.0,0.0
244,actuated,0,0,0.0,0.0,5800315.852711359,966719.3087852265,19832.4,284.94827586206895,105964.73851203248,1522.4818751728803,69.6,0.0019587188724879967,100.0,69.4,30,0.010548023939192536,0.9971264367816092,100.0,100.0,6.0,1.0,0.0,0.0,6,100.0,1.0,0.0,100.0,1.0,0.0,100.0,1.0,0.0,100.0,1.0,0.0,100.0,1.0,0.0,100.0,1.0,0.0
245,actuated,0,0,1018.5267444027508,363.759551572411,2602096.0091710207,433682.6681951701,16200.6,245.46363636363637,103897.23030041924,1574.2004590972613,66.0,0.1586509583945153,68.86005179418514,56.2,25,0.1882478989799973,0.8515151515151516,68.86005179418514,100.0,5.0,0.8333333333333334,0.38520514544773615,0.0,6,60.0,0.8,0.0,33.16031076511081,0.6,2.311230872686417,60.0,0.8,0.0,60.0,0.8,0.0,100.0,1.0,0.0,100.0,1.0,0.0
246,actuated,0,0,1016.5856251581151,211.78867190794065,1201016.5856251582,200169.43093752637,10353.8,156.87575757575758,102220.97811835517,1548.802698762957,66.0,0.3963417015502132,78.3848460227614,40.8,26,0.22528020571523433,0.6181818181818182,78.3848460227614,100.0,5.2,0.8666666666666667,0.9739117607179425,0.0,6,69.48299265042351,0.8,1.7726413280583664,100.0,1.0,0.0,71.22140062992003,0.8,2.006901824448234,69.60468285622483,0.8,2.0639274118010538,60.0,0.8,0.0,100.0,1.0,0.0
247,actuated,0,0,919.3503057409478,183.87006114818956,1000919.350305741,166819.89171762348,4726.8,71.40181268882175,98855.7840967727,1493.2897899814607,66.2,0.4258887288510531,96.27628971097617,36.4,29,0.19910283148217714,0.5498489425981873,96.27628971097617,100.0,5.8,0.9666666666666667,0.3498004985352347,0.0,6,100.0,1.0,0.0,100.0,1.0,0.0,100.0,1.0,0.0,100.0,1.0,0.0,77.657738265857,0.8,2.098802991211408,100.0,1.0,0.0
248,actuated,0,0,1817.7268194911715,378.69308739399406,1002296.5936153184,167049.43226921975,3401.4,49.01152737752162,101362.25402315723,1460.5512107083175,69.4,0.24956104089207137,100.0,47.0,30,0.17942251807653947,0.6772334293948127,100.0,100.0,6.0,1.0,0.0,0.0,6,100.0,1.0,0.0,100.0,1.0,0.0,100.0,1.0,0.0,100.0,1.0,0.0,100.0,1.0,0.0,100.0,1.0,0.0
249,actuated,0,0,892.0166325587336,446.0083162793668,39867.31736073569,6644.552893455948,2466.0,35.32951289398281,104664.8943905252,1499.4970543055185,69.8,0.1111176049159225,90.0,58.6,28,0.1508683554183499,0.839541547277937,90.0,100.0,5.6,0.9333333333333332,0.0,0.0,6,100.0,1.0,0.0,100.0,1.0,0.0,100.0,1.0,0.0,100.0,1.0,0.0,100.0,1.0,0.0,40.0,0.6,0.0
250,actuated,0,0,91.31743395034843,91.31743395034843,6396451.473062136,1066075.245510356,1589.0,23.230994152046783,106541.76802091734,1557.6281874403119,68.4,0.18042277703701898,90.19204005785166,62.0,29,0.4117502502547864,0.9064327485380117,90.19204005785166,100.0,5.8,0.9666666666666667,0.4162653717612601,0.0,6,100.0,1.0,0.0,100.0,1.0,0.0,100.0,1.0,0.0,100.0,1.0,0.0,100.0,1.0,0.0,41.15224034710991,0.8,2.4975922305675606
251,actuated,0,0,43.19502791325742,43.19502791325742,15137533.937199702,2522922.3228666172,1012.0,14.882352941176471,105933.96075733096,1557.8523640783965,68.0,0.34609337571461296,91.32682768711372,59.8,29,0.7736151144752931,0.8794117647058823,91.32682768711372,100.0,5.8,0.9666666666666667,0.6959671377054168,0.0,6,100.0,1.0,0.0,100.0,1.0,0.0,100.0,1.0,0.0,100.0,1.0,0.0,100.0,1.0,0.0,47.960966122682294,0.8,4.175802826232501
252,actuated,0,0,79.27986409270827,79.27986409270827,10383857.98871189,1730642.9981186483,1315.4,19.11918604651163,103238.78774550874,1500.5637753707667,68.8,0.21187423872737324,100.0,62.8,30,0.5013852968333526,0.9127906976744186,100.0,100.0,6.0,1.0,0.0,0.0,6,100.0,1.0,0.0,100.0,1.0,0.0,100.0,1.0,0.0,100.0,1.0,0.0,100.0,1.0,0.0,100.0,1.0,0.0
253,actuated,0,0,275.7707771849509,275.7707771849509,13378004.818014022,2229667.4696690035,1635.6,23.432664756446993,105773.83361562112,1515.3844357538842,69.8,0.059200445745159015,100.0,65.8,30,0.1368085003778874,0.9426934097421203,100.0,100.0,6.0,1.0,0.0,0.0,6,100.0,1.0,0.0,100.0,1.0,0.0,100.0,1.0,0.0,100.0,1.0,0.0,100.0,1.0,0.0,100.0,1.0,0.0
254,actuated,0,0,146.32119978397813,146.32119978397813,10782145.581737878,1797024.2636229796,1970.6,28.15142857142857,106302.89148924903,1518.6127355607005,70.0,0.018126112986046605,100.0,68.2,30,0.060902061989769087,0.9742857142857143,100.0,100.0,6.0,1.0,0.0,0.0,6,100.0,1.0,0.0,100.0,1.0,0.0,100.0,1.0,0.0,100.0,1.0,0.0,100.0,1.0,0.0,100.0,1.0,0.0
255,actuated,0,0,0.0,0.0,5417271.914408757,902878.6524014595,2318.0,33.114285714285714,106450.73825117914,1520.724832159702,70.0,0.00024382210152163418,100.0,70.0,30,0.000725941104680261,1.0,100.0,100.0,6.0,1.0,0.0,0.0,6,100.0,1.0,0.0,100.0,1.0,0.0,100.0,1.0,0.0,100.0,1.0,0.0,100.0,1.0,0.0,100.0,1.0,0.0
256,actuated,0,0,0.0,0.0,15541527.301369673,2590254.5502282786,2668.0,38.114285714285714,106469.92622174432,1520.998946024919,70.0,2.124529959560483e-06,100.0,70.0,30,4.3756446581542854e-06,1.0,100.0,100.0,6.0,1.0,0.0,0.0,6,100.0,1.0,0.0,100.0,1.0,0.0,100.0,1.0,0.0,100.0,1.0,0.0,100.0,1.0,0.0,100.0,1.0,0.0
257,actuated,0,0,0.0,0.0,7714484.228579903,1285747.3714299838,3018.0,43.114285714285714,106470.00032131789,1521.0000045902555,70.0,3.120074453558775e-07,100.0,70.0,30,1.6802115142944135e-06,1.0,100.0,100.0,6.0,1.0,0.0,0.0,6,100.0,1.0,0.0,100.0,1.0,0.0,100.0,1.0,0.0,100.0,1.0,0.0,100.0,1.0,0.0,100.0,1.0,0.0
258,actuated,0,0,0.0,0.0,6000000.0,1000000.0,3368.0,48.114285714285714,106470.0,1521.0,70.0,0.0,100.0,70.0,30,0.0,1.0,100.0,100.0,6.0,1.0,0.0,0.0,6,100.0,1.0,0.0,100.0,1.0,0.0,100.0,1.0,0.0,100.0,1.0,0.0,100.0,1.0,0.0,100.0,1.0,0.0
259,actuated,0,0,0.0,0.0,6000000.0,1000000.0,3718.0,53.114285714285714,106470.0,1521.0,70.0,0.0,100.0,70.0,30,0.0,1.0,100.0,100.0,6.0,1.0,0.0,0.0,6,100.0,1.0,0.0,100.0,1.0,0.0,100.0,1.0,0.0,100.0,1.0,0.0,100.0,1.0,0.0,100.0,1.0,0.0
260,actuated,0,0,0.0,0.0,7733613.185610702,1288935.530935117,4068.0,58.114285714285714,106470.01449037236,1521.0002070053195,70.0,3.089208005916005e-07,100.0,70.0,30,1.6635894235377028e-06,1.0,100.0,100.0,6.0,1.0,0.0,0.0,6,100.0,1.0,0.0,100.0,1.0,0.0,100.0,1.0,0.0,100.0,1.0,0.0,100.0,1.0,0.0,100.0,1.0,0.0
261,actuated,0,0,0.0,0.0,9574662.87176629,1595777.1452943815,4418.0,63.114285714285714,106469.98716501934,1520.9998166431333,70.0,1.2980566568514822e-06,100.0,70.0,30,3.910243815249228e-06,1.0,100.0,100.0,6.0,1.0,0.0,0.0,6,100.0,1.0,0.0,100.0,1.0,0.0,100.0,1.0,0.0,100.0,1.0,0.0,100.0,1.0,0.0,100.0,1.0,0.0
262,actuated,0,0,0.0,0.0,6000000.0,1000000.0,4768.0,68.11428571428571,106470.0,1521.0,70.0,0.0,100.0,70.0,30,0.0,1.0,100.0,100.0,6.0,1.0,0.0,0.0,6,100.0,1.0,0.0,100.0,1.0,0.0,100.0,1.0,0.0,100.0,1.0,0.0,100.0,1.0,0.0,100.0,1.0,0.0
263,actuated,0,0,0.0,0.0,6000000.0,1000000.0,5118.0,73.11428571428571,106470.0,1521.0,70.0,0.0,100.0,70.0,30,0.0,1.0,100.0,100.0,6.0,1.0,0.0,0.0,6,100.0,1.0,0.0,100.0,1.0,0.0,100.0,1.0,0.0,100.0,1.0,0.0,100.0,1.0,0.0,100.0,1.0,0.0
264,actuated,0,0,0.0,0.0,6000000.0,1000000.0,5468.0,78.11428571428571,106470.0,1521.0,70.0,0.0,100.0,70.0,30,0.0,1.0,100.0,100.0,6.0,1.0,0.0,0.0,6,100.0,1.0,0.0,100.0,1.0,0.0,100.0,1.0,0.0,100.0,1.0,0.0,100.0,1.0,0.0,100.0,1.0,0.0
265,actuated,0,0,0.0,0.0,6000000.0,1000000.0,5818.0,83.11428571428571,106470.0,1521.0,70.0,0.0,100.0,70.0,30,0.0,1.0,100.0,100.0,6.0,1.0,0.0,0.0,6,100.0,1.0,0.0,100.0,1.0,0.0,100.0,1.0,0.0,100.0,1.0,0.0,100.0,1.0,0.0,100.0,1.0,0.0
266,actuated,0,0,0.0,0.0,6000000.0,1000000.0,6168.0,88.11428571428571,106470.0,1521.0,70.0,0.0,100.0,70.0,30,0.0,1.0,100.0,100.0,6.0,1.0,0.0,0.0,6,100.0,1.0,0.0,100.0,1.0,0.0,100.0,1.0,0.0,100.0,1.0,0.0,100.0,1.0,0.0,100.0,1.0,0.0
267,actuated,0,0,0.0,0.0,6000000.0,1000000.0,6518.0,93.11428571428571,106470.0,1521.0,70.0,0.0,100.0,70.0,30,0.0,1.0,100.0,100.0,6.0,1.0,0.0,0.0,6,100.0,1.0,0.0,100.0,1.0,0.0,100.0,1.0,0.0,100.0,1.0,0.0,100.0,1.0,0.0,100.0,1.0,0.0
268,actuated,0,0,0.0,0.0,6000000.0,1000000.0,6868.0,98.11428571428571,106470.0,1521.0,70.0,0.0,100.0,70.0,30,0.0,1.0,100.0,100.0,6.0,1.0,0.0,0.0,6,100.0,1.0,0.0,100.0,1.0,0.0,100.0,1.0,0.0,100.0,1.0,0.0,100.0,1.0,0.0,100.0,1.0,0.0
269,actuated,0,0,0.0,0.0,6000000.0,1000000.0,7218.0,103.11428571428571,106470.0,1521.0,70.0,0.0,100.0,70.0,30,0.0,1.0,100.0,100.0,6.0,1.0,0.0,0.0,6,100.0,1.0,0.0,100.0,1.0,0.0,100.0,1.0,0.0,100.0,1.0,0.0,100.0,1.0,0.0,100.0,1.0,0.0
270,actuated,0,0,0.0,0.0,6000000.0,1000000.0,7568.0,108.11428571428571,106470.0,1521.0,70.0,0.0,100.0,70.0,30,0.0,1.0,100.0,100.0,6.0,1.0,0.0,0.0,6,100.0,1.0,0.0,100.0,1.0,0.0,100.0,1.0,0.0,100.0,1.0,0.0,100.0,1.0,0.0,100.0,1.0,0.0
271,actuated,0,0,0.0,0.0,6000000.0,1000000.0,7918.0,113.11428571428571,106470.0,1521.0,70.0,0.0,100.0,70.0,30,0.0,1.0,100.0,100.0,6.0,1.0,0.0,0.0,6,100.0,1.0,0.0,100.0,1.0,0.0,100.0,1.0,0.0,100.0,1.0,0.0,100.0,1.0,0.0,100.0,1.0,0.0
272,actuated,0,0,0.0,0.0,6000000.0,1000000.0,8268.0,118.11428571428571,106470.0,1521.0,70.0,0.0,100.0,70.0,30,0.0,1.0,100.0,100.0,6.0,1.0,0.0,0.0,6,100.0,1.0,0.0,100.0,1.0,0.0,100.0,1.0,0.0,100.0,1.0,0.0,100.0,1.0,0.0,100.0,1.0,0.0
273,actuated,0,0,0.0,0.0,6000000.0,1000000.0,8618.0,123.11428571428571,106470.0,1521.0,70.0,0.0,100.0,70.0,30,0.0,1.0,100.0,100.0,6.0,1.0,0.0,0.0,6,100.0,1.0,0.0,100.0,1.0,0.0,100.0,1.0,0.0,100.0,1.0,0.0,100.0,1.0,0.0,100.0,1.0,0.0
274,actuated,0,0,0.0,0.0,6000000.0,1000000.0,8968.0,128.11428571428573,106470.0,1521.0,70.0,0.0,100.0,70.0,30,0.0,1.0,100.0,100.0,6.0,1.0,0.0,0.0,6,100.0,1.0,0.0,100.0,1.0,0.0,100.0,1.0,0.0,100.0,1.0,0.0,100.0,1.0,0.0,100.0,1.0,0.0
275,actuated,0,0,0.0,0.0,6000000.0,1000000.0,9318.0,133.11428571428573,106470.0,1521.0,70.0,0.0,100.0,70.0,30,0.0,1.0,100.0,100.0,6.0,1.0,0.0,0.0,6,100.0,1.0,0.0,100.0,1.0,0.0,100.0,1.0,0.0,100.0,1.0,0.0,100.0,1.0,0.0,100.0,1.0,0.0
276,actuated,0,0,0.0,0.0,6000000.0,1000000.0,9668.0,138.11428571428573,106470.0,1521.0,70.0,0.0,100.0,70.0,30,0.0,1.0,100.0,100.0,6.0,1.0,0.0,0.0,6,100.0,1.0,0.0,100.0,1.0,0.0,100.0,1.0,0.0,100.0,1.0,0.0,100.0,1.0,0.0,100.0,1.0,0.0
277,actuated,0,0,0.0,0.0,6000000.0,1000000.0,10018.0,143.11428571428573,106470.0,1521.0,70.0,0.0,100.0,70.0,30,0.0,1.0,100.0,100.0,6.0,1.0,0.0,0.0,6,100.0,1.0,0.0,100.0,1.0,0.0,100.0,1.0,0.0,100.0,1.0,0.0,100.0,1.0,0.0,100.0,1.0,0.0
278,actuated,0,0,0.0,0.0,6000000.0,1000000.0,10368.0,148.11428571428573,106470.0,1521.0,70.0,0.0,100.0,70.0,30,0.0,1.0,100.0,100.0,6.0,1.0,0.0,0.0,6,100.0,1.0,0.0,100.0,1.0,0.0,100.0,1.0,0.0,100.0,1.0,0.0,100.0,1.0,0.0,100.0,1.0,0.0
279,actuated,0,0,0.0,0.0,6000000.0,1000000.0,10718.0,153.11428571428573,106470.0,1521.0,70.0,0.0,100.0,70.0,30,0.0,1.0,100.0,100.0,6.0,1.0,0.0,0.0,6,100.0,1.0,0.0,100.0,1.0,0.0,100.0,1.0,0.0,100.0,1.0,0.0,100.0,1.0,0.0,100.0,1.0,0.0
280,actuated,0,0,0.0,0.0,6000000.0,1000000.0,11068.0,158.11428571428573,106470.0,1521.0,70.0,0.0,100.0,70.0,30,0.0,1.0,100.0,100.0,6.0,1.0,0.0,0.0,6,100.0,1.0,0.0,100.0,1.0,0.0,100.0,1.0,0.0,100.0,1.0,0.0,100.0,1.0,0.0,100.0,1.0,0.0
281,actuated,0,0,0.0,0.0,6000000.0,1000000.0,11418.0,163.11428571428573,106470.0,1521.0,70.0,0.0,100.0,70.0,30,0.0,1.0,100.0,100.0,6.0,1.0,0.0,0.0,6,100.0,1.0,0.0,100.0,1.0,0.0,100.0,1.0,0.0,100.0,1.0,0.0,100.0,1.0,0.0,100.0,1.0,0.0
282,actuated,0,0,0.0,0.0,6000000.0,1000000.0,11768.0,168.11428571428573,106470.0,1521.0,70.0,0.0,100.0,70.0,30,0.0,1.0,100.0,100.0,6.0,1.0,0.0,0.0,6,100.0,1.0,0.0,100.0,1.0,0.0,100.0,1.0,0.0,100.0,1.0,0.0,100.0,1.0,0.0,100.0,1.0,0.0
283,actuated,0,0,0.0,0.0,6000000.0,1000000.0,12118.0,173.11428571428573,106470.0,1521.0,70.0,0.0,100.0,70.0,30,0.0,1.0,100.0,100.0,6.0,1.0,0.0,0.0,6,100.0,1.0,0.0,100.0,1.0,0.0,100.0,1.0,0.0,100.0,1.0,0.0,100.0,1.0,0.0,100.0,1.0,0.0
284,actuated,0,0,0.0,0.0,6000000.0,1000000.0,12468.0,178.11428571428573,106470.0,1521.0,70.0,0.0,100.0,70.0,30,0.0,1.0,100.0,100.0,6.0,1.0,0.0,0.0,6,100.0,1.0,0.0,100.0,1.0,0.0,100.0,1.0,0.0,100.0,1.0,0.0,100.0,1.0,0.0,100.0,1.0,0.0
285,actuated,0,0,0.0,0.0,6000000.0,1000000.0,12818.0,183.11428571428573,106470.0,1521.0,70.0,0.0,100.0,70.0,30,0.0,1.0,100.0,100.0,6.0,1.0,0.0,0.0,6,100.0,1.0,0.0,100.0,1.0,0.0,100.0,1.0,0.0,100.0,1.0,0.0,100.0,1.0,0.0,100.0,1.0,0.0
286,actuated,0,0,0.0,0.0,6000000.0,1000000.0,13168.0,188.11428571428573,106470.0,1521.0,70.0,0.0,100.0,70.0,30,0.0,1.0,100.0,100.0,6.0,1.0,0.0,0.0,6,100.0,1.0,0.0,100.0,1.0,0.0,100.0,1.0,0.0,100.0,1.0,0.0,100.0,1.0,0.0,100.0,1.0,0.0
287,actuated,0,0,0.0,0.0,6000000.0,1000000.0,13518.0,193.11428571428573,106470.0,1521.0,70.0,0.0,100.0,70.0,30,0.0,1.0,100.0,100.0,6.0,1.0,0.0,0.0,6,100.0,1.0,0.0,100.0,1.0,0.0,100.0,1.0,0.0,100.0,1.0,0.0,100.0,1.0,0.0,100.0,1.0,0.0
288,actuated,0,0,0.0,0.0,6000000.0,1000000.0,13868.0,198.11428571428573,106470.0,1521.0,70.0,0.0,100.0,70.0,30,0.0,1.0,100.0,100.0,6.0,1.0,0.0,0.0,6,100.0,1.0,0.0,100.0,1.0,0.0,100.0,1.0,0.0,100.0,1.0,0.0,100.0,1.0,0.0,100.0,1.0,0.0
289,actuated,0,0,0.0,0.0,6000000.0,1000000.0,14218.0,203.11428571428573,106470.0,1521.0,70.0,0.0,100.0,70.0,30,0.0,1.0,100.0,100.0,6.0,1.0,0.0,0.0,6,100.0,1.0,0.0,100.0,1.0,0.0,100.0,1.0,0.0,100.0,1.0,0.0,100.0,1.0,0.0,100.0,1.0,0.0
290,actuated,0,0,0.0,0.0,6000000.0,1000000.0,14568.0,208.11428571428573,106470.0,1521.0,70.0,0.0,100.0,70.0,30,0.0,1.0,100.0,100.0,6.0,1.0,0.0,0.0,6,100.0,1.0,0.0,100.0,1.0,0.0,100.0,1.0,0.0,100.0,1.0,0.0,100.0,1.0,0.0,100.0,1.0,0.0
291,actuated,0,0,0.0,0.0,6000000.0,1000000.0,14918.0,213.11428571428573,106470.0,1521.0,70.0,0.0,100.0,70.0,30,0.0,1.0,100.0,100.0,6.0,1.0,0.0,0.0,6,100.0,1.0,0.0,100.0,1.0,0.0,100.0,1.0,0.0,100.0,1.0,0.0,100.0,1.0,0.0,100.0,1.0,0.0
292,actuated,0,0,0.0,0.0,6000000.0,1000000.0,15268.0,218.11428571428573,106470.0,1521.0,70.0,0.0,100.0,70.0,30,0.0,1.0,100.0,100.0,6.0,1.0,0.0,0.0,6,100.0,1.0,0.0,100.0,1.0,0.0,100.0,1.0,0.0,100.0,1.0,0.0,100.0,1.0,0.0,100.0,1.0,0.0
293,actuated,0,0,0.0,0.0,6000000.0,1000000.0,15618.0,223.11428571428573,106470.0,1521.0,70.0,0.0,100.0,70.0,30,0.0,1.0,100.0,100.0,6.0,1.0,0.0,0.0,6,100.0,1.0,0.0,100.0,1.0,0.0,100.0,1.0,0.0,100.0,1.0,0.0,100.0,1.0,0.0,100.0,1.0,0.0
294,actuated,0,0,0.0,0.0,6000000.0,1000000.0,15968.0,228.11428571428573,106470.0,1521.0,70.0,0.0,100.0,70.0,30,0.0,1.0,100.0,100.0,6.0,1.0,0.0,0.0,6,100.0,1.0,0.0,100.0,1.0,0.0,100.0,1.0,0.0,100.0,1.0,0.0,100.0,1.0,0.0,100.0,1.0,0.0
295,actuated,0,0,0.0,0.0,6000000.0,1000000.0,16318.0,233.11428571428573,106470.0,1521.0,70.0,0.0,100.0,70.0,30,0.0,1.0,100.0,100.0,6.0,1.0,0.0,0.0,6,100.0,1.0,0.0,100.0,1.0,0.0,100.0,1.0,0.0,100.0,1.0,0.0,100.0,1.0,0.0,100.0,1.0,0.0
296,actuated,0,0,0.0,0.0,6000000.0,1000000.0,16668.0,238.11428571428573,106470.0,1521.0,70.0,0.0,100.0,70.0,30,0.0,1.0,100.0,100.0,6.0,1.0,0.0,0.0,6,100.0,1.0,0.0,100.0,1.0,0.0,100.0,1.0,0.0,100.0,1.0,0.0,100.0,1.0,0.0,100.0,1.0,0.0
297,actuated,0,0,0.0,0.0,6000000.0,1000000.0,17018.0,243.11428571428573,106470.0,1521.0,70.0,0.0,100.0,70.0,30,0.0,1.0,100.0,100.0,6.0,1.0,0.0,0.0,6,100.0,1.0,0.0,100.0,1.0,0.0,100.0,1.0,0.0,100.0,1.0,0.0,100.0,1.0,0.0,100.0,1.0,0.0
298,actuated,0,0,0.0,0.0,6000000.0,1000000.0,17368.0,248.11428571428573,106470.0,1521.0,70.0,0.0,100.0,70.0,30,0.0,1.0,100.0,100.0,6.0,1.0,0.0,0.0,6,100.0,1.0,0.0,100.0,1.0,0.0,100.0,1.0,0.0,100.0,1.0,0.0,100.0,1.0,0.0,100.0,1.0,0.0
299,actuated,0,0,0.0,0.0,6000000.0,1000000.0,17718.0,253.11428571428573,106470.0,1521.0,70.0,0.0,100.0,70.0,30,0.0,1.0,100.0,100.0,6.0,1.0,0.0,0.0,6,100.0,1.0,0.0,100.0,1.0,0.0,100.0,1.0,0.0,100.0,1.0,0.0,100.0,1.0,0.0,100.0,1.0,0.0
300,actuated,0,0,0.0,0.0,6000000.0,1000000.0,18068.0,258.1142857142857,106470.0,1521.0,70.0,0.0,100.0,70.0,30,0.0,1.0,100.0,100.0,6.0,1.0,0.0,0.0,6,100.0,1.0,0.0,100.0,1.0,0.0,100.0,1.0,0.0,100.0,1.0,0.0,100.0,1.0,0.0,100.0,1.0,0.0
301,actuated,0,0,0.0,0.0,6000000.0,1000000.0,18418.0,263.1142857142857,106470.0,1521.0,70.0,0.0,100.0,70.0,30,0.0,1.0,100.0,100.0,6.0,1.0,0.0,0.0,6,100.0,1.0,0.0,100.0,1.0,0.0,100.0,1.0,0.0,100.0,1.0,0.0,100.0,1.0,0.0,100.0,1.0,0.0
302,actuated,0,0,0.0,0.0,6000000.0,1000000.0,18768.0,268.1142857142857,106470.0,1521.0,70.0,0.0,100.0,70.0,30,0.0,1.0,100.0,100.0,6.0,1.0,0.0,0.0,6,100.0,1.0,0.0,100.0,1.0,0.0,100.0,1.0,0.0,100.0,1.0,0.0,100.0,1.0,0.0,100.0,1.0,0.0
303,actuated,0,0,0.0,0.0,6000000.0,1000000.0,19118.0,273.1142857142857,106470.0,1521.0,70.0,0.0,100.0,70.0,30,0.0,1.0,100.0,100.0,6.0,1.0,0.0,0.0,6,100.0,1.0,0.0,100.0,1.0,0.0,100.0,1.0,0.0,100.0,1.0,0.0,100.0,1.0,0.0,100.0,1.0,0.0
304,actuated,0,0,0.0,0.0,6000000.0,1000000.0,19468.0,278.1142857142857,106470.0,1521.0,70.0,0.0,100.0,70.0,30,0.0,1.0,100.0,100.0,6.0,1.0,0.0,0.0,6,100.0,1.0,0.0,100.0,1.0,0.0,100.0,1.0,0.0,100.0,1.0,0.0,100.0,1.0,0.0,100.0,1.0,0.0
305,actuated,0,0,0.0,0.0,6000000.0,1000000.0,19818.0,283.1142857142857,106470.0,1521.0,70.0,0.0,100.0,70.0,30,0.0,1.0,100.0,100.0,6.0,1.0,0.0,0.0,6,100.0,1.0,0.0,100.0,1.0,0.0,100.0,1.0,0.0,100.0,1.0,0.0,100.0,1.0,0.0,100.0,1.0,0.0
306,actuated,0,0,428.5131209170245,428.5131209170245,4401543.7278188905,733590.6213031485,18660.6,276.0443786982249,104021.84440588593,1538.784680560443,67.6,0.03343543921152692,96.66666666666667,65.0,30,0.06592407234961455,0.9615384615384616,96.66666666666667,100.0,6.0,1.0,0.0,0.0,6,100.0,1.0,0.0,80.0,1.0,0.0,100.0,1.0,0.0,100.0,1.0,0.0,100.0,1.0,0.0,100.0,1.0,0.0
307,actuated,0,0,1103.60295718738,250.81885390622273,1601103.602957187,266850.6004928645,12953.2,196.26060606060605,103459.61987216843,1567.569998063158,66.0,0.3237955888365596,57.24828321750465,46.6,22,0.22829421775640185,0.706060606060606,57.24828321750465,100.0,4.4,0.7333333333333334,1.322656023775002,0.0,6,24.80378763817953,0.6,1.792465438689455,51.62306987847387,0.6,2.006530369916409,29.78357526054424,0.6,1.9717301740688722,37.27926652783026,0.6,2.1652101599752758,100.0,1.0,0.0,100.0,1.0,0.0
308,actuated,0,0,864.3162673214936,172.8632534642987,1000864.3162673216,166810.71937788694,6912.4,104.73333333333333,101230.75976124438,1533.7993903218846,66.0,0.4507500730076997,88.20434227497344,37.2,28,0.20899675970154705,0.5636363636363636,88.20434227497344,100.0,5.6,0.9333333333333332,0.29630283379592126,0.0,6,100.0,1.0,0.0,100.0,1.0,0.0,100.0,1.0,0.0,100.0,1.0,0.0,29.22605364984065,0.6,1.7778170027755276,100.0,1.0,0.0
309,actuated,0,0,1278.0415346857906,255.60830693715812,1001278.0415346859,166879.6735891143,3601.4,52.96176470588235,101061.5208397435,1486.198835878581,68.0,0.34595222015588706,100.0,41.0,30,0.19769012093925772,0.6029411764705882,100.0,100.0,6.0,1.0,0.0,0.0,6,100.0,1.0,0.0,100.0,1.0,0.0,100.0,1.0,0.0,100.0,1.0,0.0,100.0,1.0,0.0,100.0,1.0,0.0
310,actuated,0,0,1108.774810724513,461.98950446854707,1009939.0937508817,168323.18229181363,3485.2,49.78857142857143,103067.38165425748,1472.3911664893926,70.0,0.1258532609979112,100.0,55.8,30,0.15568457109921632,0.7971428571428572,100.0,100.0,6.0,1.0,0.0,0.0,6,100.0,1.0,0.0,100.0,1.0,0.0,100.0,1.0,0.0,100.0,1.0,0.0,100.0,1.0,0.0,100.0,1.0,0.0
311,actuated,0,0,272.4792189991964,272.4792189991964,1124862.8899740765,187477.14832901277,3446.2,49.23142857142857,106463.67299783559,1520.909614254794,70.0,0.018940863506128634,100.0,67.2,30,0.036815268732910286,0.96,100.0,100.0,6.0,1.0,0.0,0.0,6,100.0,1.0,0.0,100.0,1.0,0.0,100.0,1.0,0.0,100.0,1.0,0.0,100.0,1.0,0.0,100.0,1.0,0.0
312,actuated,0,0,197.3222938089216,197.3222938089216,12117272.389876517,2019545.3983127528,2411.6,34.64942528735632,107553.5415146281,1545.3095045205187,69.6,0.08933407176695864,87.84302519893875,65.2,28,0.21302150481378498,0.9367816091954023,87.84302519893875,100.0,5.6,0.9333333333333332,0.3138709256322972,0.0,6,100.0,1.0,0.0,100.0,1.0,0.0,100.0,1.0,0.0,100.0,1.0,0.0,100.0,1.0,0.0,27.05815119363251,0.6,1.8832255537937832
313,actuated,0,0,78.1709172290326,78.1709172290326,13862427.384050837,2310404.564008473,1664.2,24.118840579710145,105593.48253694913,1530.3403266224511,69.0,0.1914663501693792,91.14038627929403,62.2,29,0.4286895747825895,0.9014492753623189,91.14038627929403,100.0,5.8,0.9666666666666667,0.502417733500934,0.0,6,100.0,1.0,0.0,100.0,1.0,0.0,100.0,1.0,0.0,100.0,1.0,0.0,100.0,1.0,0.0,46.84231767576421,0.8,3.0145064010056037
314,actuated,0,0,88.90892264769316,88.90892264769316,7220120.378790391,1203353.3964650652,1493.8,21.64927536231884,105487.57697418355,1528.8054633939646,69.0,0.16865359626412882,100.0,62.8,30,0.37804609584889265,0.9101449275362319,100.0,100.0,6.0,1.0,0.0,0.0,6,100.0,1.0,0.0,100.0,1.0,0.0,100.0,1.0,0.0,100.0,1.0,0.0,100.0,1.0,0.0,100.0,1.0,0.0
315,actuated,0,0,215.59701204404092,215.59701204404092,5000215.597012044,833369.266168674,1817.4,25.962857142857143,105786.53326721993,1511.236189531713,70.0,0.07917628188234331,100.0,66.0,30,0.19033632703641384,0.9428571428571428,100.0,100.0,6.0,1.0,0.0,0.0,6,100.0,1.0,0.0,100.0,1.0,0.0,100.0,1.0,0.0,100.0,1.0,0.0,100.0,1.0,0.0,100.0,1.0,0.0
316,actuated,0,0,143.46837696108724,143.46837696108724,5007412.274850426,834568.7124750711,2155.8,30.797142857142855,105678.29283244158,1509.6898976063083,70.0,0.00784394150759651,100.0,69.0,30,0.025254468779366664,0.9857142857142858,100.0,100.0,6.0,1.0,0.0,0.0,6,100.0,1.0,0.0,100.0,1.0,0.0,100.0,1.0,0.0,100.0,1.0,0.0,100.0,1.0,0.0,100.0,1.0,0.0
317,actuated,0,0,0.0,0.0,6581468.616064971,1096911.4360108285,2505.0,35.785714285714285,106464.4965604848,1520.921379435497,70.0,0.00012055180174093309,100.0,70.0,30,0.00047729850025292656,1.0,100.0,100.0,6.0,1.0,0.0,0.0,6,100.0,1.0,0.0,100.0,1.0,0.0,100.0,1.0,0.0,100.0,1.0,0.0,100.0,1.0,0.0,100.0,1.0,0.0
318,actuated,0,0,0.0,0.0,9148517.326358933,1524752.8877264888,2855.0,40.785714285714285,106469.99529850474,1520.999932835782,70.0,6.73511498869854e-07,100.0,70.0,30,2.5204073162697574e-06,1.0,100.0,100.0,6.0,1.0,0.0,0.0,6,100.0,1.0,0.0,100.0,1.0,0.0,100.0,1.0,0.0,100.0,1.0,0.0,100.0,1.0,0.0,100.0,1.0,0.0
319,actuated,0,0,0.0,0.0,7572395.7485565785,1262065.958092763,3205.0,45.785714285714285,106469.98514949642,1520.999787849949,70.0,3.370202923471215e-07,100.0,70.0,30,1.8149098176379004e-06,1.0,100.0,100.0,6.0,1.0,0.0,0.0,6,100.0,1.0,0.0,100.0,1.0,0.0,100.0,1.0,0.0,100.0,1.0,0.0,100.0,1.0,0.0,100.0,1.0,0.0
320,actuated,0,0,0.0,0.0,6000000.0,1000000.0,3555.0,50.785714285714285,106470.0,1521.0,70.0,0.0,100.0,70.0,30,0.0,1.0,100.0,100.0,6.0,1.0,0.0,0.0,6,100.0,1.0,0.0,100.0,1.0,0.0,100.0,1.0,0.0,100.0,1.0,0.0,100.0,1.0,0.0,100.0,1.0,0.0
321,actuated,0,0,0.0,0.0,6000000.0,1000000.0,3905.0,55.785714285714285,106470.0,1521.0,70.0,0.0,100.0,70.0,30,0.0,1.0,100.0,100.0,6.0,1.0,0.0,0.0,6,100.0,1.0,0.0,100.0,1.0,0.0,100.0,1.0,0.0,100.0,1.0,0.0,100.0,1.0,0.0,100.0,1.0,0.0
322,actuated,0,0,0.0,0.0,6000000.0,1000000.0,4255.0,60.785714285714285,106470.0,1521.0,70.0,0.0,100.0,70.0,30,0.0,1.0,100.0,100.0,6.0,1.0,0.0,0.0,6,100.0,1.0,0.0,100.0,1.0,0.0,100.0,1.0,0.0,100.0,1.0,0.0,100.0,1.0,0.0,100.0,1.0,0.0
323,actuated,0,0,0.0,0.0,6000000.0,1000000.0,4605.0,65.78571428571429,106470.0,1521.0,70.0,0.0,100.0,70.0,30,0.0,1.0,100.0,100.0,6.0,1.0,0.0,0.0,6,100.0,1.0,0.0,100.0,1.0,0.0,100.0,1.0,0.0,100.0,1.0,0.0,100.0,1.0,0.0,100.0,1.0,0.0
324,actuated,0,0,0.0,0.0,6000000.0,1000000.0,4955.0,70.78571428571429,106470.0,1521.0,70.0,0.0,100.0,70.0,30,0.0,1.0,100.0,100.0,6.0,1.0,0.0,0.0,6,100.0,1.0,0.0,100.0,1.0,0.0,100.0,1.0,0.0,100.0,1.0,0.0,100.0,1.0,0.0,100.0,1.0,0.0
325,actuated,0,0,0.0,0.0,6000000.0,1000000.0,5305.0,75.78571428571429,106470.0,1521.0,70.0,0.0,100.0,70.0,30,0.0,1.0,100.0,100.0,6.0,1.0,0.0,0.0,6,100.0,1.0,0.0,100.0,1.0,0.0,100.0,1.0,0.0,100.0,1.0,0.0,100.0,1.0,0.0,100.0,1.0,0.0
326,actuated,0,0,0.0,0.0,6000000.0,1000000.0,5655.0,80.78571428571429,106470.0,1521.0,70.0,0.0,100.0,70.0,30,0.0,1.0,100.0,100.0,6.0,1.0,0.0,0.0,6,100.0,1.0,0.0,100.0,1.0,0.0,100.0,1.0,0.0,100.0,1.0,0.0,100.0,1.0,0.0,100.0,1.0,0.0
327,actuated,0,0,0.0,0.0,6000000.0,1000000.0,6005.0,85.78571428571429,106470.0,1521.0,70.0,0.0,100.0,70.0,30,0.0,1.0,100.0,100.0,6.0,1.0,0.0,0.0,6,100.0,1.0,0.0,100.0,1.0,0.0,100.0,1.0,0.0,100.0,1.0,0.0,100.0,1.0,0.0,100.0,1.0,0.0
328,actuated,0,0,0.0,0.0,12545724.79157041,2090954.1319284018,6355.0,90.78571428571429,106470.00157386487,1521.0000224837836,70.0,1.4005654812843217e-06,100.0,70.0,30,3.660031912750918e-06,1.0,100.0,100.0,6.0,1.0,0.0,0.0,6,100.0,1.0,0.0,100.0,1.0,0.0,100.0,1.0,0.0,100.0,1.0,0.0,100.0,1.0,0.0,100.0,1.0,0.0
329,actuated,0,0,0.0,0.0,6000000.0,1000000.0,6705.0,95.78571428571429,106470.0,1521.0,70.0,0.0,100.0,70.0,30,0.0,1.0,100.0,100.0,6.0,1.0,0.0,0.0,6,100.0,1.0,0.0,100.0,1.0,0.0,100.0,1.0,0.0,100.0,1.0,0.0,100.0,1.0,0.0,100.0,1.0,0.0
330,actuated,0,0,0.0,0.0,6000000.0,1000000.0,7055.0,100.78571428571429,106470.0,1521.0,70.0,0.0,100.0,70.0,30,0.0,1.0,100.0,100.0,6.0,1.0,0.0,0.0,6,100.0,1.0,0.0,100.0,1.0,0.0,100.0,1.0,0.0,100.0,1.0,0.0,100.0,1.0,0.0,100.0,1.0,0.0
331,actuated,0,0,0.0,0.0,6000000.0,1000000.0,7405.0,105.78571428571429,106470.0,1521.0,70.0,0.0,100.0,70.0,30,0.0,1.0,100.0,100.0,6.0,1.0,0.0,0.0,6,100.0,1.0,0.0,100.0,1.0,0.0,100.0,1.0,0.0,100.0,1.0,0.0,100.0,1.0,0.0,100.0,1.0,0.0
332,actuated,0,0,0.0,0.0,6000000.0,1000000.0,7755.0,110.78571428571429,106470.0,1521.0,70.0,0.0,100.0,70.0,30,0.0,1.0,100.0,100.0,6.0,1.0,0.0,0.0,6,100.0,1.0,0.0,100.0,1.0,0.0,100.0,1.0,0.0,100.0,1.0,0.0,100.0,1.0,0.0,100.0,1.0,0.0
333,actuated,0,0,0.0,0.0,6000000.0,1000000.0,8105.0,115.78571428571429,106470.0,1521.0,70.0,0.0,100.0,70.0,30,0.0,1.0,100.0,100.0,6.0,1.0,0.0,0.0,6,100.0,1.0,0.0,100.0,1.0,0.0,100.0,1.0,0.0,100.0,1.0,0.0,100.0,1.0,0.0,100.0,1.0,0.0
334,actuated,0,0,0.0,0.0,6000000.0,1000000.0,8455.0,120.78571428571429,106470.0,1521.0,70.0,0.0,100.0,70.0,30,0.0,1.0,100.0,100.0,6.0,1.0,0.0,0.0,6,100.0,1.0,0.0,100.0,1.0,0.0,100.0,1.0,0.0,100.0,1.0,0.0,100.0,1.0,0.0,100.0,1.0,0.0
335,actuated,0,0,0.0,0.0,6000000.0,1000000.0,8805.0,125.78571428571429,106470.0,1521.0,70.0,0.0,100.0,70.0,30,0.0,1.0,100.0,100.0,6.0,1.0,0.0,0.0,6,100.0,1.0,0.0,100.0,1.0,0.0,100.0,1.0,0.0,100.0,1.0,0.0,100.0,1.0,0.0,100.0,1.0,0.0
336,actuated,0,0,0.0,0.0,6000000.0,1000000.0,9155.0,130.78571428571428,106470.0,1521.0,70.0,0.0,100.0,70.0,30,0.0,1.0,100.0,100.0,6.0,1.0,0.0,0.0,6,100.0,1.0,0.0,100.0,1.0,0.0,100.0,1.0,0.0,100.0,1.0,0.0,100.0,1.0,0.0,100.0,1.0,0.0
337,actuated,0,0,0.0,0.0,6000000.0,1000000.0,9505.0,135.78571428571428,106470.0,1521.0,70.0,0.0,100.0,70.0,30,0.0,1.0,100.0,100.0,6.0,1.0,0.0,0.0,6,100.0,1.0,0.0,100.0,1.0,0.0,100.0,1.0,0.0,100.0,1.0,0.0,100.0,1.0,0.0,100.0,1.0,0.0
338,actuated,0,0,0.0,0.0,6000000.0,1000000.0,9855.0,140.78571428571428,106470.0,1521.0,70.0,0.0,100.0,70.0,30,0.0,1.0,100.0,100.0,6.0,1.0,0.0,0.0,6,100.0,1.0,0.0,100.0,1.0,0.0,100.0,1.0,0.0,100.0,1.0,0.0,100.0,1.0,0.0,100.0,1.0,0.0
339,actuated,0,0,0.0,0.0,6000000.0,1000000.0,10205.0,145.78571428571428,106470.0,1521.0,70.0,0.0,100.0,70.0,30,0.0,1.0,100.0,100.0,6.0,1.0,0.0,0.0,6,100.0,1.0,0.0,100.0,1.0,0.0,100.0,1.0,0.0,100.0,1.0,0.0,100.0,1.0,0.0,100.0,1.0,0.0
